publishedAt,url,likes,reposts,replies,views,interaction,observedAt,metricsExact
"2026-01-08T18:25:00.000Z","https://x.com/orfonline/status/2009330512616206572","2","0","0","152","2","2026-09-28T14:44:42.087Z","true"
"2026-01-08T18:15:00.000Z","https://x.com/orfonline/status/2009327995799146889","1","0","0","198","1","2026-09-28T14:44:42.087Z","true"
"2026-01-08T18:05:00.000Z","https://x.com/orfonline/status/2009325479799541928","0","0","0","133","0","2026-09-28T14:44:43.407Z","true"
"2026-01-08T17:53:00.000Z","https://x.com/orfonline/status/2009322458973917431","0","0","0","157","0","2026-09-28T14:44:43.407Z","true"
"2026-01-08T17:45:00.000Z","https://x.com/orfonline/status/2009320446794068443","1","0","0","171","1","2026-09-28T14:44:43.407Z","true"
"2026-01-08T17:30:00.000Z","https://x.com/orfonline/status/2009316673254244837","0","0","0","270","0","2026-09-28T14:44:44.733Z","true"
"2026-01-08T17:26:00.000Z","https://x.com/orfonline/status/2009315664188825993","0","0","0","168","0","2026-09-28T14:44:44.733Z","true"
"2026-01-08T17:23:00.000Z","https://x.com/orfonline/status/2009314909838844038","0","0","0","177","0","2026-09-28T14:44:46.057Z","true"
"2026-01-08T17:15:00.000Z","https://x.com/orfonline/status/2009312896996520039","0","0","0","172","0","2026-09-28T14:44:46.057Z","true"
"2026-01-08T17:11:00.000Z","https://x.com/orfonline/status/2009311889445277793","0","0","0","200","0","2026-09-28T14:44:46.057Z","true"
"2026-01-08T17:06:03.000Z","https://x.com/orfonline/status/2009310645607698519","0","0","0","209","0","2026-09-28T14:44:47.371Z","true"
"2026-01-08T17:00:00.000Z","https://x.com/orfonline/status/2009309121791541455","1","0","0","148","1","2026-09-28T14:44:48.692Z","true"
"2026-01-08T16:56:00.000Z","https://x.com/orfonline/status/2009308114634592680","0","0","0","163","0","2026-09-28T14:44:48.692Z","true"
"2026-01-08T16:45:00.000Z","https://x.com/orfonline/status/2009305347085762874","0","0","0","196","0","2026-09-28T14:44:51.218Z","true"
"2026-01-08T16:36:00.000Z","https://x.com/orfonline/status/2009303082358735027","0","0","0","187","0","2026-09-28T14:44:51.218Z","true"
"2026-01-08T16:30:00.000Z","https://x.com/orfonline/status/2009301572568928365","0","0","0","275","0","2026-09-28T14:44:51.218Z","true"
"2026-01-08T16:10:00.000Z","https://x.com/orfonline/status/2009296539760341171","5","0","2","931","7","2026-09-28T14:44:52.537Z","true"
"2026-01-08T16:00:01.000Z","https://x.com/orfonline/status/2009294028693778890","0","1","0","163","1","2026-09-28T14:44:52.537Z","true"
"2026-01-08T15:52:00.000Z","https://x.com/orfonline/status/2009292008360386715","1","0","0","170","1","2026-09-28T14:44:53.862Z","true"
"2026-01-08T15:46:00.000Z","https://x.com/orfonline/status/2009290500059066762","3","2","0","199","5","2026-09-28T14:44:53.862Z","true"
"2026-01-08T15:35:00.000Z","https://x.com/orfonline/status/2009287730119987305","0","0","0","225","0","2026-09-28T14:44:55.179Z","true"
"2026-01-08T15:30:00.000Z","https://x.com/orfonline/status/2009286473087111249","0","0","0","285","0","2026-09-28T14:44:55.179Z","true"
"2026-01-08T15:15:00.000Z","https://x.com/orfonline/status/2009282697391174125","0","0","0","167","0","2026-09-28T14:44:55.179Z","true"
"2026-01-08T15:10:00.000Z","https://x.com/orfonline/status/2009281439037059489","1","0","0","161","1","2026-09-28T14:44:56.503Z","true"
"2026-01-08T15:05:00.000Z","https://x.com/orfonline/status/2009280180691648829","0","1","0","186","1","2026-09-28T14:44:56.503Z","true"
"2026-01-08T15:01:00.000Z","https://x.com/orfonline/status/2009279173957914811","0","0","0","171","0","2026-09-28T14:44:57.816Z","true"
"2026-01-08T14:46:00.000Z","https://x.com/orfonline/status/2009275398962704563","1","0","0","159","1","2026-09-28T14:44:57.816Z","true"
"2026-01-08T14:40:00.000Z","https://x.com/orfonline/status/2009273889306882444","1","0","0","138","1","2026-09-28T14:44:57.816Z","true"
"2026-01-08T14:15:00.000Z","https://x.com/orfonline/status/2009267598144217544","0","0","0","162","0","2026-09-28T14:44:59.133Z","true"
"2026-01-08T14:09:36.000Z","https://x.com/orfonline/status/2009266241303925223","5","2","1","956","8","2026-09-28T14:44:59.133Z","true"
"2026-01-08T14:05:00.000Z","https://x.com/orfonline/status/2009265081377542148","1","0","2","167","3","2026-09-28T14:44:59.133Z","true"
"2026-01-08T14:00:01.000Z","https://x.com/orfonline/status/2009263828849066039","0","0","0","156","0","2026-09-28T14:45:00.452Z","true"
"2026-01-08T13:50:00.000Z","https://x.com/orfonline/status/2009261305820270884","1","0","0","138","1","2026-09-28T14:45:00.452Z","true"
"2026-01-08T13:44:00.000Z","https://x.com/orfonline/status/2009259796101550138","0","0","0","160","0","2026-09-28T14:45:02.975Z","true"
"2026-01-08T13:40:00.000Z","https://x.com/orfonline/status/2009258790072340525","0","0","0","183","0","2026-09-28T14:45:02.975Z","true"
"2026-01-08T13:30:00.000Z","https://x.com/orfonline/status/2009256274895229381","0","0","0","298","0","2026-09-28T14:45:02.975Z","true"
"2026-01-08T13:20:00.000Z","https://x.com/orfonline/status/2009253756819374419","0","0","0","163","0","2026-09-28T14:45:04.300Z","true"
"2026-01-08T13:15:00.000Z","https://x.com/orfonline/status/2009252498557849991","1","0","0","178","1","2026-09-28T14:45:04.300Z","true"
"2026-01-08T13:05:00.000Z","https://x.com/orfonline/status/2009249982029697302","1","0","0","152","1","2026-09-28T14:45:05.623Z","true"
"2026-01-08T13:00:02.000Z","https://x.com/orfonline/status/2009248732144128260","0","0","0","126","0","2026-09-28T14:45:05.623Z","true"
"2026-01-08T12:45:00.000Z","https://x.com/orfonline/status/2009244949288456310","0","0","0","163","0","2026-09-28T14:45:06.945Z","true"
"2026-01-08T12:30:01.000Z","https://x.com/orfonline/status/2009241179259576773","0","0","0","139","0","2026-09-28T14:45:06.945Z","true"
"2026-01-08T12:25:00.000Z","https://x.com/orfonline/status/2009239915004145850","0","0","0","144","0","2026-09-28T14:45:06.945Z","true"
"2026-01-08T12:15:00.000Z","https://x.com/orfonline/status/2009237398954364989","1","0","0","166","1","2026-09-28T14:45:08.265Z","true"
"2026-01-08T12:05:00.000Z","https://x.com/orfonline/status/2009234882611069098","0","0","0","138","0","2026-09-28T14:45:08.265Z","true"
"2026-01-08T12:05:00.000Z","https://x.com/orfonline/status/2009234882598220279","0","0","0","149","0","2026-09-28T14:45:09.583Z","true"
"2026-01-08T11:52:00.000Z","https://x.com/orfonline/status/2009231610709787115","0","0","0","168","0","2026-09-28T14:45:09.583Z","true"
"2026-01-08T11:45:00.000Z","https://x.com/orfonline/status/2009229849227915662","0","0","0","139","0","2026-09-28T14:45:09.583Z","true"
"2026-01-08T11:39:00.000Z","https://x.com/orfonline/status/2009228338733240420","0","0","0","150","0","2026-09-28T14:45:10.906Z","true"
"2026-01-08T11:35:00.000Z","https://x.com/orfonline/status/2009227333069361552","0","0","0","167","0","2026-09-28T14:45:10.906Z","true"
"2026-01-08T11:30:00.000Z","https://x.com/orfonline/status/2009226076715676053","0","0","0","288","0","2026-09-28T14:45:12.224Z","true"
"2026-01-08T11:26:00.000Z","https://x.com/orfonline/status/2009225067595514069","0","0","0","157","0","2026-09-28T14:45:12.224Z","true"
"2026-01-08T11:25:06.000Z","https://x.com/orfonline/status/2009224843498311784","16","9","1","4236","26","2026-09-28T14:45:14.749Z","true"
"2026-01-08T11:16:00.000Z","https://x.com/orfonline/status/2009222550791074202","0","0","0","151","0","2026-09-28T14:45:14.749Z","true"
"2026-01-08T11:11:00.000Z","https://x.com/orfonline/status/2009221292717720026","0","0","0","152","0","2026-09-28T14:45:14.749Z","true"
"2026-01-08T11:05:00.000Z","https://x.com/orfonline/status/2009219783221473342","0","0","0","142","0","2026-09-28T14:45:16.070Z","true"
"2026-01-08T11:05:00.000Z","https://x.com/orfonline/status/2009219782823063859","0","0","0","137","0","2026-09-28T14:45:16.070Z","true"
"2026-01-08T11:00:02.000Z","https://x.com/orfonline/status/2009218533763227915","0","0","0","144","0","2026-09-28T14:45:16.070Z","true"
"2026-01-08T10:55:00.000Z","https://x.com/orfonline/status/2009217265980580116","1","0","0","142","1","2026-09-28T14:45:17.392Z","true"
"2026-01-08T10:44:00.000Z","https://x.com/orfonline/status/2009214497664454822","1","0","0","185","1","2026-09-28T14:45:17.392Z","true"
"2026-01-08T10:40:00.000Z","https://x.com/orfonline/status/2009213490926637543","0","0","0","179","0","2026-09-28T14:45:18.717Z","true"
"2026-01-08T10:35:00.000Z","https://x.com/orfonline/status/2009212233272967341","0","0","0","149","0","2026-09-28T14:45:18.717Z","true"
"2026-01-08T10:30:01.000Z","https://x.com/orfonline/status/2009210978194403576","1","0","0","231","1","2026-09-28T14:45:18.717Z","true"
"2026-01-08T10:22:00.000Z","https://x.com/orfonline/status/2009208961199739096","0","0","0","165","0","2026-09-28T14:45:20.034Z","true"
"2026-01-08T10:15:30.000Z","https://x.com/orfonline/status/2009207325702410505","1","0","0","142","1","2026-09-28T14:45:20.034Z","true"
"2026-01-08T10:10:00.000Z","https://x.com/orfonline/status/2009205941435339005","1","0","0","174","1","2026-09-28T14:45:21.356Z","true"
"2026-01-08T10:05:00.000Z","https://x.com/orfonline/status/2009204683328401821","0","0","0","142","0","2026-09-28T14:45:21.356Z","true"
"2026-01-08T10:00:01.000Z","https://x.com/orfonline/status/2009203431043682747","0","0","0","145","0","2026-09-28T14:45:22.678Z","true"
"2026-01-08T09:50:00.000Z","https://x.com/orfonline/status/2009200907917906266","0","0","0","159","0","2026-09-28T14:45:22.678Z","true"
"2026-01-08T09:45:00.000Z","https://x.com/orfonline/status/2009199649844781212","3","2","0","154","5","2026-09-28T14:45:22.678Z","true"
"2026-01-08T09:40:00.000Z","https://x.com/orfonline/status/2009198391364915209","0","0","0","159","0","2026-09-28T14:45:24.001Z","true"
"2026-01-08T09:35:00.000Z","https://x.com/orfonline/status/2009197133270757518","0","0","0","168","0","2026-09-28T14:45:24.001Z","true"
"2026-01-08T09:30:00.000Z","https://x.com/orfonline/status/2009195877722738819","0","0","0","262","0","2026-09-28T14:45:26.523Z","true"
"2026-01-08T09:20:00.000Z","https://x.com/orfonline/status/2009193358158410055","0","0","0","179","0","2026-09-28T14:45:26.523Z","true"
"2026-01-08T09:15:00.000Z","https://x.com/orfonline/status/2009192100081160512","0","0","0","147","0","2026-09-28T14:45:26.523Z","true"
"2026-01-08T09:10:00.000Z","https://x.com/orfonline/status/2009190841655677055","0","0","0","159","0","2026-09-28T14:45:27.851Z","true"
"2026-01-08T09:01:00.000Z","https://x.com/orfonline/status/2009188577435906429","1","0","0","157","1","2026-09-28T14:45:27.851Z","true"
"2026-01-08T08:45:00.000Z","https://x.com/orfonline/status/2009184550153240963","1","0","0","163","1","2026-09-28T14:45:29.171Z","true"
"2026-01-08T08:40:00.000Z","https://x.com/orfonline/status/2009183291727905119","0","0","0","145","0","2026-09-28T14:45:29.171Z","true"
"2026-01-08T08:35:00.000Z","https://x.com/orfonline/status/2009182033755447305","0","0","0","136","0","2026-09-28T14:45:29.171Z","true"
"2026-01-08T08:30:00.000Z","https://x.com/orfonline/status/2009180778073403691","0","0","0","347","0","2026-09-28T14:45:30.499Z","true"
"2026-01-08T08:19:00.000Z","https://x.com/orfonline/status/2009178007106105830","0","0","0","484","0","2026-09-28T14:45:30.499Z","true"
"2026-01-08T08:15:34.000Z","https://x.com/orfonline/status/2009177143402787096","1","0","0","258","1","2026-09-28T14:45:31.817Z","true"
"2026-01-08T08:15:00.000Z","https://x.com/orfonline/status/2009177000330805380","0","0","0","142","0","2026-09-28T14:45:31.817Z","true"
"2026-01-08T08:05:00.000Z","https://x.com/orfonline/status/2009174484217950241","1","0","0","153","1","2026-09-28T14:45:31.817Z","true"
"2026-01-08T08:00:00.000Z","https://x.com/orfonline/status/2009173227520811166","0","0","0","154","0","2026-09-28T14:45:33.141Z","true"
"2026-01-08T07:50:00.000Z","https://x.com/orfonline/status/2009170708807733406","2","1","0","244","3","2026-09-28T14:45:33.141Z","true"
"2026-01-08T07:45:00.000Z","https://x.com/orfonline/status/2009169450809913367","1","0","0","170","1","2026-09-28T14:45:34.471Z","true"
"2026-01-08T07:40:22.000Z","https://x.com/orfonline/status/2009168286211297420","0","0","0","185","0","2026-09-28T14:45:34.471Z","true"
"2026-01-08T07:30:00.000Z","https://x.com/orfonline/status/2009165675856552158","1","0","1","349","2","2026-09-28T14:45:34.471Z","true"
"2026-01-08T07:20:00.000Z","https://x.com/orfonline/status/2009163159287025961","1","0","0","149","1","2026-09-28T14:45:35.795Z","true"
"2026-01-08T07:15:00.000Z","https://x.com/orfonline/status/2009161901075247457","0","0","0","163","0","2026-09-28T14:45:35.795Z","true"
"2026-01-08T07:10:00.000Z","https://x.com/orfonline/status/2009160642456863186","0","0","0","169","0","2026-09-28T14:45:37.116Z","true"
"2026-01-08T07:05:30.000Z","https://x.com/orfonline/status/2009159510301266309","0","0","0","146","0","2026-09-28T14:45:37.116Z","true"
"2026-01-08T07:00:00.000Z","https://x.com/orfonline/status/2009158127795753367","0","0","0","131","0","2026-09-28T14:45:37.116Z","true"
"2026-01-08T06:50:00.000Z","https://x.com/orfonline/status/2009155609803870365","0","0","0","137","0","2026-09-28T14:45:39.638Z","true"
"2026-01-08T06:45:00.000Z","https://x.com/orfonline/status/2009154351625846918","1","0","0","144","1","2026-09-28T14:45:39.638Z","true"
"2026-01-08T06:40:30.000Z","https://x.com/orfonline/status/2009153218425880886","0","0","0","130","0","2026-09-28T14:45:40.955Z","true"
"2026-01-08T06:35:00.000Z","https://x.com/orfonline/status/2009151834460692719","1","0","0","409","1","2026-09-28T14:45:40.955Z","true"
"2026-01-08T06:30:00.000Z","https://x.com/orfonline/status/2009150576471228739","1","0","0","149","1","2026-09-28T14:45:42.277Z","true"
"2026-01-08T06:20:00.000Z","https://x.com/orfonline/status/2009148059553345941","0","0","0","141","0","2026-09-28T14:45:42.277Z","true"
"2026-01-08T06:15:00.000Z","https://x.com/orfonline/status/2009146801312415839","0","0","0","175","0","2026-09-28T14:45:42.277Z","true"
"2026-01-08T06:10:00.000Z","https://x.com/orfonline/status/2009145543424135527","0","0","0","137","0","2026-09-28T14:45:43.597Z","true"
"2026-01-08T06:05:00.000Z","https://x.com/orfonline/status/2009144285136908356","0","0","0","151","0","2026-09-28T14:45:43.597Z","true"
"2026-01-08T06:00:00.000Z","https://x.com/orfonline/status/2009143029416841566","0","0","0","28","0","2026-09-28T14:45:44.919Z","true"
"2026-01-08T05:55:00.000Z","https://x.com/orfonline/status/2009141768093118812","4","1","1","168","6","2026-09-28T14:45:44.919Z","true"
"2026-01-08T05:50:00.000Z","https://x.com/orfonline/status/2009140509869252710","0","0","0","138","0","2026-09-28T14:45:46.238Z","true"
"2026-01-08T05:45:00.000Z","https://x.com/orfonline/status/2009139251489964340","1","1","0","168","2","2026-09-28T14:45:46.238Z","true"
"2026-01-08T05:40:00.000Z","https://x.com/orfonline/status/2009137993236533441","0","0","0","133","0","2026-09-28T14:45:46.238Z","true"
"2026-01-08T05:30:00.000Z","https://x.com/orfonline/status/2009135477560103340","1","0","0","177","1","2026-09-28T14:45:47.557Z","true"
"2026-01-08T05:20:00.000Z","https://x.com/orfonline/status/2009132960344400071","1","0","0","181","1","2026-09-28T14:45:47.557Z","true"
"2026-01-08T05:15:00.000Z","https://x.com/orfonline/status/2009131701826686995","0","0","0","126","0","2026-09-28T14:45:48.881Z","true"
"2026-01-08T05:10:30.000Z","https://x.com/orfonline/status/2009130569389756630","0","0","0","150","0","2026-09-28T14:45:48.881Z","true"
"2026-01-08T05:05:00.000Z","https://x.com/orfonline/status/2009129185831272585","0","0","0","177","0","2026-09-28T14:45:51.409Z","true"
"2026-01-08T05:00:00.000Z","https://x.com/orfonline/status/2009127928215306702","1","1","1","244","3","2026-09-28T14:45:51.409Z","true"
"2026-01-08T04:55:00.000Z","https://x.com/orfonline/status/2009126668624163327","0","0","0","180","0","2026-09-28T14:45:51.409Z","true"
"2026-01-08T04:50:00.000Z","https://x.com/orfonline/status/2009125410324246760","0","0","0","137","0","2026-09-28T14:45:52.730Z","true"
"2026-01-08T04:45:00.000Z","https://x.com/orfonline/status/2009124152016556105","0","0","0","163","0","2026-09-28T14:45:52.730Z","true"
"2026-01-08T04:40:00.000Z","https://x.com/orfonline/status/2009122893733757314","0","0","0","168","0","2026-09-28T14:45:54.052Z","true"
"2026-01-08T04:30:00.000Z","https://x.com/orfonline/status/2009120377788592143","0","0","0","136","0","2026-09-28T14:45:54.052Z","true"
"2026-01-08T04:20:00.000Z","https://x.com/orfonline/status/2009117860627664968","0","0","0","135","0","2026-09-28T14:45:54.052Z","true"
"2026-01-08T04:15:00.000Z","https://x.com/orfonline/status/2009116602881475031","0","0","0","181","0","2026-09-28T14:45:55.372Z","true"
"2026-01-08T04:10:00.000Z","https://x.com/orfonline/status/2009115344267563304","0","0","0","146","0","2026-09-28T14:45:55.372Z","true"
"2026-01-08T04:05:00.000Z","https://x.com/orfonline/status/2009114085992935507","0","0","0","143","0","2026-09-28T14:45:56.692Z","true"
"2026-01-08T04:00:00.000Z","https://x.com/orfonline/status/2009112828750516405","0","0","0","146","0","2026-09-28T14:45:56.692Z","true"
"2026-01-08T03:55:00.000Z","https://x.com/orfonline/status/2009111569343381817","0","1","0","148","1","2026-09-28T14:45:58.009Z","true"
"2026-01-08T03:50:00.000Z","https://x.com/orfonline/status/2009110310943379660","0","0","0","140","0","2026-09-28T14:45:58.009Z","true"
"2026-01-08T03:45:00.000Z","https://x.com/orfonline/status/2009109052559905164","0","0","0","142","0","2026-09-28T14:45:58.009Z","true"
"2026-01-08T03:40:00.000Z","https://x.com/orfonline/status/2009107794578886989","0","0","0","212","0","2026-09-28T14:45:59.328Z","true"
"2026-01-08T03:30:00.000Z","https://x.com/orfonline/status/2009105278747464140","2","0","0","173","2","2026-09-28T14:45:59.328Z","true"
"2026-01-08T03:20:00.000Z","https://x.com/orfonline/status/2009102761309393359","1","0","0","153","1","2026-09-28T14:46:01.849Z","true"
"2026-01-08T03:15:00.000Z","https://x.com/orfonline/status/2009101502879813723","0","0","0","154","0","2026-09-28T14:46:01.849Z","true"
"2026-01-08T03:10:00.000Z","https://x.com/orfonline/status/2009100244945129709","1","0","0","148","1","2026-09-28T14:46:01.849Z","true"
"2026-01-08T03:05:00.000Z","https://x.com/orfonline/status/2009098987064971486","0","0","0","148","0","2026-09-28T14:46:03.166Z","true"
"2026-01-08T03:00:02.000Z","https://x.com/orfonline/status/2009097739515383845","0","0","0","132","0","2026-09-28T14:46:03.166Z","true"
"2026-01-08T02:55:00.000Z","https://x.com/orfonline/status/2009096469652099533","0","0","0","139","0","2026-09-28T14:46:04.492Z","true"
"2026-01-08T02:50:00.000Z","https://x.com/orfonline/status/2009095211654504801","0","0","1","146","1","2026-09-28T14:46:04.492Z","true"
"2026-01-08T02:45:00.000Z","https://x.com/orfonline/status/2009093953304580585","0","0","0","140","0","2026-09-28T14:46:04.492Z","true"
"2026-01-08T02:40:00.000Z","https://x.com/orfonline/status/2009092694803664935","3","2","0","210","5","2026-09-28T14:46:05.814Z","true"
"2026-01-08T02:30:00.000Z","https://x.com/orfonline/status/2009090178791494061","0","0","0","170","0","2026-09-28T14:46:05.814Z","true"
"2026-01-08T02:20:00.000Z","https://x.com/orfonline/status/2009087661538001094","0","0","0","169","0","2026-09-28T14:46:05.814Z","true"
"2026-01-08T02:10:00.000Z","https://x.com/orfonline/status/2009085145165480386","0","0","0","148","0","2026-09-28T14:46:07.134Z","true"
"2026-01-08T02:00:00.000Z","https://x.com/orfonline/status/2009082629342069202","1","0","0","144","1","2026-09-28T14:46:07.134Z","true"
"2026-01-08T01:50:00.000Z","https://x.com/orfonline/status/2009080112008888573","1","0","0","174","1","2026-09-28T14:46:07.134Z","true"
"2026-01-08T01:40:00.000Z","https://x.com/orfonline/status/2009077595585863783","0","0","0","160","0","2026-09-28T14:46:08.453Z","true"
"2026-01-08T01:30:00.000Z","https://x.com/orfonline/status/2009075078961717486","1","0","0","174","1","2026-09-28T14:46:08.453Z","true"
"2026-01-08T01:20:00.000Z","https://x.com/orfonline/status/2009072562370666907","1","0","0","177","1","2026-09-28T14:46:08.453Z","true"
"2026-01-08T01:10:00.000Z","https://x.com/orfonline/status/2009070045658226748","1","1","0","198","2","2026-09-28T14:46:08.453Z","true"
"2026-01-08T01:00:01.000Z","https://x.com/orfonline/status/2009067533144330259","0","0","0","143","0","2026-09-28T14:46:08.453Z","true"
"2026-01-08T00:50:00.000Z","https://x.com/orfonline/status/2009065012489298399","0","0","0","187","0","2026-09-28T14:46:08.453Z","true"
"2026-01-08T00:40:00.000Z","https://x.com/orfonline/status/2009062495764533652","0","0","0","163","0","2026-09-28T14:46:08.453Z","true"
"2026-01-08T00:30:00.000Z","https://x.com/orfonline/status/2009059980847018005","0","0","0","148","0","2026-09-28T14:46:08.453Z","true"
"2026-01-08T00:20:00.000Z","https://x.com/orfonline/status/2009057462809199069","1","0","0","198","1","2026-09-28T14:46:08.453Z","true"
"2026-01-08T00:10:00.000Z","https://x.com/orfonline/status/2009054946394820931","0","0","0","180","0","2026-09-28T14:46:08.453Z","true"
"2026-01-08T00:00:01.000Z","https://x.com/orfonline/status/2009052432865669328","0","0","0","132","0","2026-09-28T14:46:08.453Z","true"
"2026-01-07T23:50:00.000Z","https://x.com/orfonline/status/2009049913066230232","1","0","0","150","1","2026-09-28T14:46:08.453Z","true"
"2026-01-07T23:40:00.000Z","https://x.com/orfonline/status/2009047396542542317","0","0","0","166","0","2026-09-28T14:46:08.453Z","true"
"2026-01-07T23:30:00.000Z","https://x.com/orfonline/status/2009044880186577030","1","0","0","159","1","2026-09-28T14:46:08.453Z","true"
"2026-01-07T23:20:30.000Z","https://x.com/orfonline/status/2009042489022542203","2","0","0","144","2","2026-09-28T14:46:08.453Z","true"
"2026-01-07T23:10:00.000Z","https://x.com/orfonline/status/2009039846803653072","1","0","0","159","1","2026-09-28T14:46:08.453Z","true"
"2026-01-07T23:00:01.000Z","https://x.com/orfonline/status/2009037336479453226","0","0","0","128","0","2026-09-28T14:46:08.453Z","true"
"2026-01-07T22:50:00.000Z","https://x.com/orfonline/status/2009034813550784697","0","0","0","152","0","2026-09-28T14:46:08.453Z","true"
"2026-01-07T22:40:00.000Z","https://x.com/orfonline/status/2009032296918106400","1","0","0","163","1","2026-09-28T14:46:08.453Z","true"
"2026-01-07T22:30:00.000Z","https://x.com/orfonline/status/2009029781627555954","0","0","0","129","0","2026-09-28T14:46:08.453Z","true"
"2026-01-07T22:20:00.000Z","https://x.com/orfonline/status/2009027263942287679","1","0","0","176","1","2026-09-28T14:46:08.453Z","true"
"2026-01-07T22:10:00.000Z","https://x.com/orfonline/status/2009024747393495534","0","0","0","134","0","2026-09-28T14:46:08.453Z","true"
"2026-01-07T22:00:02.000Z","https://x.com/orfonline/status/2009022240998732073","0","0","0","239","0","2026-09-28T14:46:08.453Z","true"
"2026-01-07T21:50:00.000Z","https://x.com/orfonline/status/2009019714253804025","0","0","0","147","0","2026-09-28T14:46:08.453Z","true"
"2026-01-07T21:40:00.000Z","https://x.com/orfonline/status/2009017197306560700","0","0","0","131","0","2026-09-28T14:46:08.453Z","true"
"2026-01-07T21:30:00.000Z","https://x.com/orfonline/status/2009014681352966243","0","0","0","108","0","2026-09-28T14:46:08.453Z","true"
"2026-01-07T21:20:00.000Z","https://x.com/orfonline/status/2009012164376334643","0","0","0","135","0","2026-09-28T14:46:08.453Z","true"
"2026-01-07T21:10:00.000Z","https://x.com/orfonline/status/2009009647584485573","0","0","0","134","0","2026-09-28T14:46:08.453Z","true"
"2026-01-07T21:00:01.000Z","https://x.com/orfonline/status/2009007138224656486","1","0","1","164","2","2026-09-28T14:46:08.453Z","true"
"2026-01-07T20:50:00.000Z","https://x.com/orfonline/status/2009004614604189851","1","0","0","129","1","2026-09-28T14:46:08.453Z","true"
"2026-01-07T20:40:00.000Z","https://x.com/orfonline/status/2009002098017575094","1","0","0","144","1","2026-09-28T14:46:08.453Z","true"
"2026-01-07T20:30:00.000Z","https://x.com/orfonline/status/2008999583087776034","1","0","0","148","1","2026-09-28T14:46:08.453Z","true"
"2026-01-07T20:20:00.000Z","https://x.com/orfonline/status/2008997065188311311","0","0","0","168","0","2026-09-28T14:46:08.453Z","true"
"2026-01-07T20:10:00.000Z","https://x.com/orfonline/status/2008994548039717015","0","0","0","342","0","2026-09-28T14:46:08.453Z","true"
"2026-01-07T18:20:00.000Z","https://x.com/orfonline/status/2008966866551623842","0","0","0","167","0","2026-09-28T14:42:09.711Z","true"
"2026-01-07T17:35:00.000Z","https://x.com/orfonline/status/2008955541968544154","1","0","0","171","1","2026-09-28T14:42:09.711Z","true"
"2026-01-07T17:30:00.000Z","https://x.com/orfonline/status/2008954283408929133","0","0","0","300","0","2026-09-28T14:42:11.033Z","true"
"2026-01-07T17:10:00.000Z","https://x.com/orfonline/status/2008949251141705733","0","0","0","156","0","2026-09-28T14:42:11.033Z","true"
"2026-01-07T17:05:00.000Z","https://x.com/orfonline/status/2008947991638626537","0","0","0","148","0","2026-09-28T14:42:12.355Z","true"
"2026-01-07T17:00:00.000Z","https://x.com/orfonline/status/2008946734194454798","0","0","0","130","0","2026-09-28T14:42:12.355Z","true"
"2026-01-07T16:45:00.000Z","https://x.com/orfonline/status/2008942958255722733","1","0","0","152","1","2026-09-28T14:42:12.355Z","true"
"2026-01-07T16:38:00.000Z","https://x.com/orfonline/status/2008941197805396335","0","0","0","166","0","2026-09-28T14:42:13.673Z","true"
"2026-01-07T16:30:00.000Z","https://x.com/orfonline/status/2008939186414330027","0","0","0","272","0","2026-09-28T14:42:13.673Z","true"
"2026-01-07T16:20:00.000Z","https://x.com/orfonline/status/2008936668162580913","0","0","0","190","0","2026-09-28T14:42:14.996Z","true"
"2026-01-07T16:15:00.000Z","https://x.com/orfonline/status/2008935408764334186","0","0","0","188","0","2026-09-28T14:42:14.996Z","true"
"2026-01-07T16:00:01.000Z","https://x.com/orfonline/status/2008931637426266527","0","0","0","175","0","2026-09-28T14:42:14.996Z","true"
"2026-01-07T15:55:00.000Z","https://x.com/orfonline/status/2008930376454898132","0","0","0","161","0","2026-09-28T14:42:17.515Z","true"
"2026-01-07T15:46:00.000Z","https://x.com/orfonline/status/2008928111623020749","0","0","0","185","0","2026-09-28T14:42:17.515Z","true"
"2026-01-07T15:35:00.000Z","https://x.com/orfonline/status/2008925342849778160","0","0","0","154","0","2026-09-28T14:42:20.042Z","true"
"2026-01-07T15:15:00.000Z","https://x.com/orfonline/status/2008920309190271016","0","0","0","153","0","2026-09-28T14:42:20.042Z","true"
"2026-01-07T15:10:00.000Z","https://x.com/orfonline/status/2008919050819412136","0","0","0","156","0","2026-09-28T14:42:20.042Z","true"
"2026-01-07T15:05:00.000Z","https://x.com/orfonline/status/2008917793266454666","2","0","0","155","2","2026-09-28T14:42:21.362Z","true"
"2026-01-07T15:00:01.000Z","https://x.com/orfonline/status/2008916538707812644","2","2","0","159","4","2026-09-28T14:42:21.362Z","true"
"2026-01-07T14:50:00.000Z","https://x.com/orfonline/status/2008914018421948854","0","0","0","129","0","2026-09-28T14:42:22.678Z","true"
"2026-01-07T14:50:00.000Z","https://x.com/orfonline/status/2008914018170200088","0","0","0","149","0","2026-09-28T14:42:22.678Z","true"
"2026-01-07T14:44:00.000Z","https://x.com/orfonline/status/2008912507881312264","0","0","0","141","0","2026-09-28T14:42:22.678Z","true"
"2026-01-07T14:40:00.000Z","https://x.com/orfonline/status/2008911501550043543","2","1","0","145","3","2026-09-28T14:42:23.998Z","true"
"2026-01-07T14:37:20.000Z","https://x.com/orfonline/status/2008910829081825639","2","5","0","980","7","2026-09-28T14:42:23.998Z","true"
"2026-01-07T14:30:00.000Z","https://x.com/orfonline/status/2008908986326893016","0","0","0","220","0","2026-09-28T14:42:25.317Z","true"
"2026-01-07T14:23:00.000Z","https://x.com/orfonline/status/2008907222995136717","1","0","0","154","1","2026-09-28T14:42:25.317Z","true"
"2026-01-07T13:50:00.000Z","https://x.com/orfonline/status/2008898918097260778","0","0","0","157","0","2026-09-28T14:42:26.640Z","true"
"2026-01-07T13:45:00.000Z","https://x.com/orfonline/status/2008897660053504359","1","0","0","208","1","2026-09-28T14:42:26.640Z","true"
"2026-01-07T13:36:00.000Z","https://x.com/orfonline/status/2008895395150372963","1","0","0","425","1","2026-09-28T14:42:27.959Z","true"
"2026-01-07T13:20:00.000Z","https://x.com/orfonline/status/2008891369272565790","0","1","0","192","1","2026-09-28T14:42:27.959Z","true"
"2026-01-07T13:00:02.000Z","https://x.com/orfonline/status/2008886344513462324","0","0","0","156","0","2026-09-28T14:42:27.959Z","true"
"2026-01-07T12:40:00.000Z","https://x.com/orfonline/status/2008881302930436108","0","0","0","153","0","2026-09-28T14:42:29.275Z","true"
"2026-01-07T12:10:00.000Z","https://x.com/orfonline/status/2008873752793133116","1","0","0","218","1","2026-09-28T14:42:29.275Z","true"
"2026-01-07T12:05:00.000Z","https://x.com/orfonline/status/2008872494451830808","0","0","0","153","0","2026-09-28T14:42:31.798Z","true"
"2026-01-07T11:50:00.000Z","https://x.com/orfonline/status/2008868719687344635","1","0","0","165","1","2026-09-28T14:42:31.798Z","true"
"2026-01-07T11:35:30.000Z","https://x.com/orfonline/status/2008865070001119239","1","0","0","162","1","2026-09-28T14:42:31.798Z","true"
"2026-01-07T11:30:00.000Z","https://x.com/orfonline/status/2008863685742366851","0","0","0","304","0","2026-09-28T14:42:33.109Z","true"
"2026-01-07T11:20:00.000Z","https://x.com/orfonline/status/2008861169612984489","0","0","0","150","0","2026-09-28T14:42:33.109Z","true"
"2026-01-07T11:15:00.000Z","https://x.com/orfonline/status/2008859911124353030","0","0","0","137","0","2026-09-28T14:42:33.109Z","true"
"2026-01-07T11:10:00.000Z","https://x.com/orfonline/status/2008858652715999236","0","0","0","137","0","2026-09-28T14:42:34.430Z","true"
"2026-01-07T11:05:30.000Z","https://x.com/orfonline/status/2008857520799101030","0","0","0","157","0","2026-09-28T14:42:34.430Z","true"
"2026-01-07T11:02:00.000Z","https://x.com/orfonline/status/2008856640037220459","0","0","1","149","1","2026-09-28T14:42:35.748Z","true"
"2026-01-07T10:50:00.000Z","https://x.com/orfonline/status/2008853619362435485","0","0","0","210","0","2026-09-28T14:42:35.748Z","true"
"2026-01-07T10:46:00.000Z","https://x.com/orfonline/status/2008852613476045092","0","0","0","170","0","2026-09-28T14:42:37.069Z","true"
"2026-01-07T10:40:00.000Z","https://x.com/orfonline/status/2008851103174320531","0","0","0","146","0","2026-09-28T14:42:37.069Z","true"
"2026-01-07T10:30:00.000Z","https://x.com/orfonline/status/2008848587560784305","0","0","0","299","0","2026-09-28T14:42:37.069Z","true"
"2026-01-07T10:20:00.000Z","https://x.com/orfonline/status/2008846070013423633","0","0","0","174","0","2026-09-28T14:42:38.390Z","true"
"2026-01-07T10:15:00.000Z","https://x.com/orfonline/status/2008844811697062133","0","0","0","165","0","2026-09-28T14:42:38.390Z","true"
"2026-01-07T10:05:00.000Z","https://x.com/orfonline/status/2008842295496540579","0","0","0","152","0","2026-09-28T14:42:39.712Z","true"
"2026-01-07T10:00:01.000Z","https://x.com/orfonline/status/2008841043270316253","0","0","0","159","0","2026-09-28T14:42:39.712Z","true"
"2026-01-07T09:55:00.000Z","https://x.com/orfonline/status/2008839778268242342","0","0","0","153","0","2026-09-28T14:42:39.712Z","true"
"2026-01-07T09:46:00.000Z","https://x.com/orfonline/status/2008837513650004468","0","0","0","183","0","2026-09-28T14:42:41.031Z","true"
"2026-01-07T09:40:00.000Z","https://x.com/orfonline/status/2008836003390452105","0","0","0","148","0","2026-09-28T14:42:41.031Z","true"
"2026-01-07T09:35:00.000Z","https://x.com/orfonline/status/2008834745308971188","0","0","0","144","0","2026-09-28T14:42:43.564Z","true"
"2026-01-07T09:30:01.000Z","https://x.com/orfonline/status/2008833490494554508","0","0","0","272","0","2026-09-28T14:42:43.564Z","true"
"2026-01-07T09:20:30.000Z","https://x.com/orfonline/status/2008831096021274779","0","0","0","130","0","2026-09-28T14:42:44.889Z","true"
"2026-01-07T09:15:00.000Z","https://x.com/orfonline/status/2008829712055894080","0","0","0","153","0","2026-09-28T14:42:44.889Z","true"
"2026-01-07T09:10:00.000Z","https://x.com/orfonline/status/2008828453701747009","0","0","0","146","0","2026-09-28T14:42:44.889Z","true"
"2026-01-07T09:05:00.000Z","https://x.com/orfonline/status/2008827195943243782","0","0","0","153","0","2026-09-28T14:42:46.207Z","true"
"2026-01-07T09:00:02.000Z","https://x.com/orfonline/status/2008825946262908998","1","2","0","159","3","2026-09-28T14:42:46.207Z","true"
"2026-01-07T08:50:00.000Z","https://x.com/orfonline/status/2008823420780523734","0","0","0","164","0","2026-09-28T14:42:47.528Z","true"
"2026-01-07T08:50:00.000Z","https://x.com/orfonline/status/2008823420537163894","0","0","0","134","0","2026-09-28T14:42:47.528Z","true"
"2026-01-07T08:44:00.000Z","https://x.com/orfonline/status/2008821910755254768","0","0","0","150","0","2026-09-28T14:42:47.528Z","true"
"2026-01-07T08:40:00.000Z","https://x.com/orfonline/status/2008820903967371427","1","1","0","167","2","2026-09-28T14:42:48.854Z","true"
"2026-01-07T08:35:00.000Z","https://x.com/orfonline/status/2008819645873004993","0","0","0","147","0","2026-09-28T14:42:48.854Z","true"
"2026-01-07T08:30:00.000Z","https://x.com/orfonline/status/2008818389838422242","0","0","0","267","0","2026-09-28T14:42:50.177Z","true"
"2026-01-07T08:20:00.000Z","https://x.com/orfonline/status/2008815870630588682","0","0","0","142","0","2026-09-28T14:42:50.177Z","true"
"2026-01-07T08:15:00.000Z","https://x.com/orfonline/status/2008814612792123663","0","1","0","161","1","2026-09-28T14:42:51.498Z","true"
"2026-01-07T08:11:00.000Z","https://x.com/orfonline/status/2008813606004289652","0","0","0","132","0","2026-09-28T14:42:51.498Z","true"
"2026-01-07T08:05:00.000Z","https://x.com/orfonline/status/2008812096260035017","0","0","0","129","0","2026-09-28T14:42:51.498Z","true"
"2026-01-07T07:50:00.000Z","https://x.com/orfonline/status/2008808321046745387","0","0","0","183","0","2026-09-28T14:42:54.018Z","true"
"2026-01-07T07:45:00.000Z","https://x.com/orfonline/status/2008807062763978884","0","0","0","179","0","2026-09-28T14:42:54.018Z","true"
"2026-01-07T07:36:55.000Z","https://x.com/orfonline/status/2008805029906706709","0","0","0","320","0","2026-09-28T14:42:56.661Z","true"
"2026-01-07T07:30:00.000Z","https://x.com/orfonline/status/2008803288280691021","0","0","0","257","0","2026-09-28T14:42:56.661Z","true"
"2026-01-07T07:20:00.000Z","https://x.com/orfonline/status/2008800771245277563","2","0","0","137","2","2026-09-28T14:42:58.065Z","true"
"2026-01-07T07:15:00.000Z","https://x.com/orfonline/status/2008799512882790893","0","0","0","137","0","2026-09-28T14:42:58.065Z","true"
"2026-01-07T07:10:00.000Z","https://x.com/orfonline/status/2008798254700654757","0","0","0","180","0","2026-09-28T14:42:58.065Z","true"
"2026-01-07T07:00:01.000Z","https://x.com/orfonline/status/2008795744308728282","0","0","0","138","0","2026-09-28T14:43:00.598Z","true"
"2026-01-07T06:50:30.000Z","https://x.com/orfonline/status/2008793347322958052","0","0","0","177","0","2026-09-28T14:43:00.598Z","true"
"2026-01-07T06:45:00.000Z","https://x.com/orfonline/status/2008791963211100248","0","0","0","158","0","2026-09-28T14:43:00.598Z","true"
"2026-01-07T06:40:00.000Z","https://x.com/orfonline/status/2008790705355858034","0","0","0","149","0","2026-09-28T14:43:01.915Z","true"
"2026-01-07T06:35:00.000Z","https://x.com/orfonline/status/2008789446830026788","1","0","0","213","1","2026-09-28T14:43:01.915Z","true"
"2026-01-07T06:30:00.000Z","https://x.com/orfonline/status/2008788189721374994","0","0","0","184","0","2026-09-28T14:43:03.238Z","true"
"2026-01-07T06:20:00.000Z","https://x.com/orfonline/status/2008785671876489716","0","0","0","132","0","2026-09-28T14:43:03.238Z","true"
"2026-01-07T06:15:00.000Z","https://x.com/orfonline/status/2008784413807555022","0","0","0","158","0","2026-09-28T14:43:03.238Z","true"
"2026-01-07T06:10:00.000Z","https://x.com/orfonline/status/2008783155432685596","1","0","0","150","1","2026-09-28T14:43:04.555Z","true"
"2026-01-07T06:05:00.000Z","https://x.com/orfonline/status/2008781897175081047","0","0","0","150","0","2026-09-28T14:43:04.555Z","true"
"2026-01-07T06:00:01.000Z","https://x.com/orfonline/status/2008780643870904564","1","0","0","161","1","2026-09-28T14:43:04.555Z","true"
"2026-01-07T05:55:00.000Z","https://x.com/orfonline/status/2008779380575908192","1","0","0","338","1","2026-09-28T14:43:05.879Z","true"
"2026-01-07T05:50:00.000Z","https://x.com/orfonline/status/2008778122108563895","0","0","0","161","0","2026-09-28T14:43:05.879Z","true"
"2026-01-07T05:45:00.000Z","https://x.com/orfonline/status/2008776863708016797","0","0","0","160","0","2026-09-28T14:43:05.879Z","true"
"2026-01-07T05:40:00.000Z","https://x.com/orfonline/status/2008775605521969407","1","1","0","139","2","2026-09-28T14:43:07.195Z","true"
"2026-01-07T05:30:30.000Z","https://x.com/orfonline/status/2008773215305560478","0","0","0","159","0","2026-09-28T14:43:07.195Z","true"
"2026-01-07T05:20:00.000Z","https://x.com/orfonline/status/2008770572571005372","0","0","0","142","0","2026-09-28T14:43:07.195Z","true"
"2026-01-07T05:15:00.000Z","https://x.com/orfonline/status/2008769314044710974","0","0","0","162","0","2026-09-28T14:43:09.712Z","true"
"2026-01-07T05:10:00.000Z","https://x.com/orfonline/status/2008768055678296508","0","0","0","117","0","2026-09-28T14:43:09.712Z","true"
"2026-01-07T05:05:00.000Z","https://x.com/orfonline/status/2008766797672313233","0","0","0","142","0","2026-09-28T14:43:11.031Z","true"
"2026-01-07T05:00:00.000Z","https://x.com/orfonline/status/2008765541696119209","0","0","0","130","0","2026-09-28T14:43:11.031Z","true"
"2026-01-07T04:55:00.000Z","https://x.com/orfonline/status/2008764280800239631","0","0","0","130","0","2026-09-28T14:43:12.349Z","true"
"2026-01-07T04:50:30.000Z","https://x.com/orfonline/status/2008763148317360383","0","0","0","160","0","2026-09-28T14:43:12.349Z","true"
"2026-01-07T04:45:00.000Z","https://x.com/orfonline/status/2008761764301713444","0","0","0","128","0","2026-09-28T14:43:12.349Z","true"
"2026-01-07T04:40:30.000Z","https://x.com/orfonline/status/2008760631827263493","0","0","0","146","0","2026-09-28T14:43:13.671Z","true"
"2026-01-07T04:30:00.000Z","https://x.com/orfonline/status/2008757990363640015","0","0","0","108","0","2026-09-28T14:43:13.671Z","true"
"2026-01-07T04:20:00.000Z","https://x.com/orfonline/status/2008755472925392999","1","1","0","140","2","2026-09-28T14:43:14.992Z","true"
"2026-01-07T04:15:00.000Z","https://x.com/orfonline/status/2008754214538015068","1","0","0","175","1","2026-09-28T14:43:14.992Z","true"
"2026-01-07T04:10:00.000Z","https://x.com/orfonline/status/2008752956431372707","0","0","0","127","0","2026-09-28T14:43:16.310Z","true"
"2026-01-07T04:05:00.000Z","https://x.com/orfonline/status/2008751698328907857","0","0","0","150","0","2026-09-28T14:43:16.310Z","true"
"2026-01-07T04:00:00.000Z","https://x.com/orfonline/status/2008750441526403296","0","0","0","139","0","2026-09-28T14:43:16.310Z","true"
"2026-01-07T03:55:00.000Z","https://x.com/orfonline/status/2008749181750702591","0","0","0","168","0","2026-09-28T14:43:17.633Z","true"
"2026-01-07T03:50:00.000Z","https://x.com/orfonline/status/2008747923065254184","0","0","0","131","0","2026-09-28T14:43:17.633Z","true"
"2026-01-07T03:45:00.000Z","https://x.com/orfonline/status/2008746664882790507","1","0","0","146","1","2026-09-28T14:43:18.954Z","true"
"2026-01-07T03:40:00.000Z","https://x.com/orfonline/status/2008745406868713919","0","1","0","164","1","2026-09-28T14:43:18.954Z","true"
"2026-01-07T03:30:00.000Z","https://x.com/orfonline/status/2008742890181480876","0","0","0","131","0","2026-09-28T14:43:18.954Z","true"
"2026-01-07T03:20:00.000Z","https://x.com/orfonline/status/2008740373594542117","0","0","0","147","0","2026-09-28T14:43:20.274Z","true"
"2026-01-07T03:15:00.000Z","https://x.com/orfonline/status/2008739115119112606","0","0","0","150","0","2026-09-28T14:43:20.274Z","true"
"2026-01-07T03:10:30.000Z","https://x.com/orfonline/status/2008737982598336818","0","0","0","150","0","2026-09-28T14:43:22.798Z","true"
"2026-01-07T03:05:00.000Z","https://x.com/orfonline/status/2008736599131951540","0","0","0","170","0","2026-09-28T14:43:22.798Z","true"
"2026-01-07T03:00:00.000Z","https://x.com/orfonline/status/2008735341864161744","0","0","0","130","0","2026-09-28T14:43:24.118Z","true"
"2026-01-07T02:55:00.000Z","https://x.com/orfonline/status/2008734081845260555","3","0","0","137","3","2026-09-28T14:43:24.118Z","true"
"2026-01-07T02:50:00.000Z","https://x.com/orfonline/status/2008732823536926917","1","0","0","142","1","2026-09-28T14:43:25.440Z","true"
"2026-01-07T02:45:00.000Z","https://x.com/orfonline/status/2008731565346746421","0","0","0","154","0","2026-09-28T14:43:25.440Z","true"
"2026-01-07T02:40:00.000Z","https://x.com/orfonline/status/2008730307051290771","0","0","0","136","0","2026-09-28T14:43:25.440Z","true"
"2026-01-07T02:30:00.000Z","https://x.com/orfonline/status/2008727790418345990","1","1","0","182","2","2026-09-28T14:43:26.762Z","true"
"2026-01-07T02:20:00.000Z","https://x.com/orfonline/status/2008725273890505157","1","0","0","149","1","2026-09-28T14:43:26.762Z","true"
"2026-01-07T02:10:30.000Z","https://x.com/orfonline/status/2008722882944500180","1","0","0","178","1","2026-09-28T14:43:28.077Z","true"
"2026-01-07T02:00:00.000Z","https://x.com/orfonline/status/2008720241816387608","0","0","0","127","0","2026-09-28T14:43:28.077Z","true"
"2026-01-07T01:50:00.000Z","https://x.com/orfonline/status/2008717724084826136","0","0","0","146","0","2026-09-28T14:43:29.404Z","true"
"2026-01-07T01:40:00.000Z","https://x.com/orfonline/status/2008715207628247160","1","0","0","151","1","2026-09-28T14:43:29.404Z","true"
"2026-01-07T01:30:00.000Z","https://x.com/orfonline/status/2008712691204931798","0","0","0","119","0","2026-09-28T14:43:29.404Z","true"
"2026-01-07T01:20:00.000Z","https://x.com/orfonline/status/2008710174337614083","1","0","0","132","1","2026-09-28T14:43:30.726Z","true"
"2026-01-07T01:10:30.000Z","https://x.com/orfonline/status/2008707783370403981","0","0","0","186","0","2026-09-28T14:43:30.726Z","true"
"2026-01-07T01:00:01.000Z","https://x.com/orfonline/status/2008705145651986598","0","0","0","149","0","2026-09-28T14:43:32.044Z","true"
"2026-01-07T00:50:00.000Z","https://x.com/orfonline/status/2008702624359719284","0","0","0","127","0","2026-09-28T14:43:32.044Z","true"
"2026-01-07T00:40:00.000Z","https://x.com/orfonline/status/2008700107965825235","0","0","0","121","0","2026-09-28T14:43:34.557Z","true"
"2026-01-07T00:30:00.000Z","https://x.com/orfonline/status/2008697591312040043","0","0","0","164","0","2026-09-28T14:43:34.557Z","true"
"2026-01-07T00:20:00.000Z","https://x.com/orfonline/status/2008695075350491498","0","0","0","383","0","2026-09-28T14:43:34.557Z","true"
"2026-01-07T00:10:00.000Z","https://x.com/orfonline/status/2008692558587736485","1","0","0","186","1","2026-09-28T14:43:35.877Z","true"
"2026-01-07T00:00:01.000Z","https://x.com/orfonline/status/2008690047273291779","0","0","0","130","0","2026-09-28T14:43:35.877Z","true"
"2026-01-06T23:50:00.000Z","https://x.com/orfonline/status/2008687524936642915","0","0","0","140","0","2026-09-28T14:43:37.203Z","true"
"2026-01-06T23:40:00.000Z","https://x.com/orfonline/status/2008685009561845854","1","0","0","164","1","2026-09-28T14:43:37.203Z","true"
"2026-01-06T23:30:00.000Z","https://x.com/orfonline/status/2008682493671608368","0","0","0","131","0","2026-09-28T14:43:38.526Z","true"
"2026-01-06T23:20:00.000Z","https://x.com/orfonline/status/2008679975747285321","0","0","0","141","0","2026-09-28T14:43:38.526Z","true"
"2026-01-06T23:10:00.000Z","https://x.com/orfonline/status/2008677459001307517","0","0","0","133","0","2026-09-28T14:43:38.526Z","true"
"2026-01-06T23:00:00.000Z","https://x.com/orfonline/status/2008674945094578564","0","0","0","134","0","2026-09-28T14:43:39.844Z","true"
"2026-01-06T22:50:30.000Z","https://x.com/orfonline/status/2008672551644655659","0","1","0","122","1","2026-09-28T14:43:39.844Z","true"
"2026-01-06T22:40:00.000Z","https://x.com/orfonline/status/2008669909157621885","0","0","0","150","0","2026-09-28T14:43:39.844Z","true"
"2026-01-06T22:30:00.000Z","https://x.com/orfonline/status/2008667393414099444","0","0","0","140","0","2026-09-28T14:43:39.844Z","true"
"2026-01-06T22:20:00.000Z","https://x.com/orfonline/status/2008664876122574912","1","0","0","138","1","2026-09-28T14:43:39.844Z","true"
"2026-01-06T22:00:02.000Z","https://x.com/orfonline/status/2008659850927251546","0","0","0","365","0","2026-09-28T14:43:39.844Z","true"
"2026-01-06T21:50:00.000Z","https://x.com/orfonline/status/2008657326220230845","0","0","0","136","0","2026-09-28T14:43:39.844Z","true"
"2026-01-06T21:40:00.000Z","https://x.com/orfonline/status/2008654809663160596","1","0","0","133","1","2026-09-28T14:43:39.844Z","true"
"2026-01-06T21:30:00.000Z","https://x.com/orfonline/status/2008652292963352726","0","0","0","127","0","2026-09-28T14:43:39.844Z","true"
"2026-01-06T21:10:00.000Z","https://x.com/orfonline/status/2008647259718906248","0","0","0","119","0","2026-09-28T14:43:39.844Z","true"
"2026-01-06T21:00:01.000Z","https://x.com/orfonline/status/2008644748647821659","0","0","0","144","0","2026-09-28T14:43:39.844Z","true"
"2026-01-06T20:50:00.000Z","https://x.com/orfonline/status/2008642226596048956","0","0","0","113","0","2026-09-28T14:43:39.844Z","true"
"2026-01-06T20:40:00.000Z","https://x.com/orfonline/status/2008639710131089543","0","0","0","108","0","2026-09-28T14:43:39.844Z","true"
"2026-01-06T20:30:00.000Z","https://x.com/orfonline/status/2008637193557078024","0","0","0","149","0","2026-09-28T14:43:39.844Z","true"
"2026-01-06T20:20:00.000Z","https://x.com/orfonline/status/2008634677146603759","0","0","0","149","0","2026-09-28T14:43:39.844Z","true"
"2026-01-06T20:10:00.000Z","https://x.com/orfonline/status/2008632160454938756","0","0","0","130","0","2026-09-28T14:43:39.844Z","true"
"2026-01-06T20:00:30.000Z","https://x.com/orfonline/status/2008629772663054643","0","0","0","142","0","2026-09-28T14:43:39.844Z","true"
"2026-01-06T19:50:00.000Z","https://x.com/orfonline/status/2008627127424278560","0","0","0","165","0","2026-09-28T14:43:39.844Z","true"
"2026-01-06T19:40:00.000Z","https://x.com/orfonline/status/2008624610485719303","0","0","0","135","0","2026-09-28T14:43:39.844Z","true"
"2026-01-06T19:30:00.000Z","https://x.com/orfonline/status/2008622094204944517","0","0","0","135","0","2026-09-28T14:43:39.844Z","true"
"2026-01-06T19:20:00.000Z","https://x.com/orfonline/status/2008619577723310436","0","0","0","224","0","2026-09-28T14:43:39.844Z","true"
"2026-01-06T19:10:00.000Z","https://x.com/orfonline/status/2008617060897878512","0","0","0","169","0","2026-09-28T14:43:39.844Z","true"
"2026-01-06T19:00:01.000Z","https://x.com/orfonline/status/2008614549654495684","0","0","0","116","0","2026-09-28T14:43:39.844Z","true"
"2026-01-06T18:50:00.000Z","https://x.com/orfonline/status/2008612027942539586","0","0","0","149","0","2026-09-28T14:43:39.844Z","true"
"2026-01-06T18:40:00.000Z","https://x.com/orfonline/status/2008609511217741981","0","0","0","181","0","2026-09-28T14:43:39.844Z","true"
"2026-01-06T18:30:00.000Z","https://x.com/orfonline/status/2008606997273612764","0","0","0","137","0","2026-09-28T14:43:39.844Z","true"
"2026-01-06T17:50:00.000Z","https://x.com/orfonline/status/2008596928540348746","0","0","0","150","0","2026-09-28T14:43:39.844Z","true"
"2026-01-06T17:41:00.000Z","https://x.com/orfonline/status/2008594664094355946","0","0","0","168","0","2026-09-28T14:43:39.844Z","true"
"2026-01-06T17:35:00.000Z","https://x.com/orfonline/status/2008593153272725646","0","0","0","162","0","2026-09-28T14:43:39.844Z","true"
"2026-01-06T17:30:00.000Z","https://x.com/orfonline/status/2008591895757459571","0","0","0","219","0","2026-09-28T14:43:39.844Z","true"
"2026-01-06T17:20:00.000Z","https://x.com/orfonline/status/2008589378340483407","1","0","0","146","1","2026-09-28T14:43:39.844Z","true"
"2026-01-06T17:15:00.000Z","https://x.com/orfonline/status/2008588119982174335","0","0","0","211","0","2026-09-28T14:18:16.740Z","true"
"2026-01-06T17:11:00.000Z","https://x.com/orfonline/status/2008587114493943818","0","0","0","187","0","2026-09-28T14:18:16.740Z","true"
"2026-01-06T17:00:02.000Z","https://x.com/orfonline/status/2008584353111249088","0","0","0","139","0","2026-09-28T14:18:16.740Z","true"
"2026-01-06T16:50:00.000Z","https://x.com/orfonline/status/2008581829155004592","0","0","0","185","0","2026-09-28T14:18:18.072Z","true"
"2026-01-06T16:45:00.000Z","https://x.com/orfonline/status/2008580570281111826","0","0","0","144","0","2026-09-28T14:18:18.072Z","true"
"2026-01-06T16:35:00.000Z","https://x.com/orfonline/status/2008578054667264470","0","0","0","154","0","2026-09-28T14:18:19.411Z","true"
"2026-01-06T16:20:00.000Z","https://x.com/orfonline/status/2008574279676293613","0","0","0","174","0","2026-09-28T14:18:19.411Z","true"
"2026-01-06T16:15:00.000Z","https://x.com/orfonline/status/2008573021397635292","1","1","0","159","2","2026-09-28T14:18:19.411Z","true"
"2026-01-06T16:00:02.000Z","https://x.com/orfonline/status/2008569254220533879","0","1","0","167","1","2026-09-28T14:18:20.737Z","true"
"2026-01-06T15:54:00.000Z","https://x.com/orfonline/status/2008567736142877076","0","0","0","153","0","2026-09-28T14:18:20.737Z","true"
"2026-01-06T15:45:00.000Z","https://x.com/orfonline/status/2008565472208265235","1","1","0","163","2","2026-09-28T14:18:22.070Z","true"
"2026-01-06T15:40:00.000Z","https://x.com/orfonline/status/2008564213749297320","0","0","0","178","0","2026-09-28T14:18:22.070Z","true"
"2026-01-06T15:35:00.000Z","https://x.com/orfonline/status/2008562955164565849","0","0","0","167","0","2026-09-28T14:18:23.402Z","true"
"2026-01-06T15:30:00.000Z","https://x.com/orfonline/status/2008561696307376436","0","0","0","275","0","2026-09-28T14:18:23.402Z","true"
"2026-01-06T15:15:00.000Z","https://x.com/orfonline/status/2008557921156952393","0","0","0","144","0","2026-09-28T14:18:23.402Z","true"
"2026-01-06T15:05:00.000Z","https://x.com/orfonline/status/2008555405660532793","0","0","0","183","0","2026-09-28T14:18:24.737Z","true"
"2026-01-06T15:00:01.000Z","https://x.com/orfonline/status/2008554151475663233","0","0","1","172","1","2026-09-28T14:18:24.737Z","true"
"2026-01-06T14:49:30.000Z","https://x.com/orfonline/status/2008551503880208837","1","0","0","215","1","2026-09-28T14:18:26.059Z","true"
"2026-01-06T14:45:00.000Z","https://x.com/orfonline/status/2008550372374151272","1","0","0","184","1","2026-09-28T14:18:26.059Z","true"
"2026-01-06T14:40:00.000Z","https://x.com/orfonline/status/2008549113303101662","1","1","0","166","2","2026-09-28T14:18:28.596Z","true"
"2026-01-06T14:35:00.000Z","https://x.com/orfonline/status/2008547855452061990","0","0","0","181","0","2026-09-28T14:18:28.596Z","true"
"2026-01-06T14:30:00.000Z","https://x.com/orfonline/status/2008546599358910806","0","0","0","234","0","2026-09-28T14:18:28.596Z","true"
"2026-01-06T14:20:00.000Z","https://x.com/orfonline/status/2008544080566096044","0","0","0","138","0","2026-09-28T14:18:29.924Z","true"
"2026-01-06T14:15:00.000Z","https://x.com/orfonline/status/2008542821859664190","0","0","0","133","0","2026-09-28T14:18:29.924Z","true"
"2026-01-06T14:00:00.000Z","https://x.com/orfonline/status/2008539049867526473","0","0","0","159","0","2026-09-28T14:18:29.924Z","true"
"2026-01-06T13:51:00.000Z","https://x.com/orfonline/status/2008536782657261673","0","0","0","146","0","2026-09-28T14:18:31.249Z","true"
"2026-01-06T13:45:00.000Z","https://x.com/orfonline/status/2008535272510652894","0","0","0","164","0","2026-09-28T14:18:31.249Z","true"
"2026-01-06T13:34:00.000Z","https://x.com/orfonline/status/2008532504094142548","1","0","1","226","2","2026-09-28T14:18:32.585Z","true"
"2026-01-06T13:15:00.000Z","https://x.com/orfonline/status/2008527722189144450","0","0","0","131","0","2026-09-28T14:18:32.585Z","true"
"2026-01-06T13:05:00.000Z","https://x.com/orfonline/status/2008525206415897072","0","0","0","128","0","2026-09-28T14:18:32.585Z","true"
"2026-01-06T13:00:02.000Z","https://x.com/orfonline/status/2008523957251830067","0","0","0","133","0","2026-09-28T14:18:33.918Z","true"
"2026-01-06T12:50:00.000Z","https://x.com/orfonline/status/2008521432171446775","0","0","0","153","0","2026-09-28T14:18:33.918Z","true"
"2026-01-06T12:46:00.000Z","https://x.com/orfonline/status/2008520424397922452","0","0","0","158","0","2026-09-28T14:18:35.237Z","true"
"2026-01-06T12:40:00.000Z","https://x.com/orfonline/status/2008518915429634541","0","0","0","145","0","2026-09-28T14:18:35.237Z","true"
"2026-01-06T12:30:00.000Z","https://x.com/orfonline/status/2008516398658826384","0","0","0","190","0","2026-09-28T14:18:36.562Z","true"
"2026-01-06T12:20:00.000Z","https://x.com/orfonline/status/2008513882143297913","0","0","0","159","0","2026-09-28T14:18:36.562Z","true"
"2026-01-06T12:15:00.000Z","https://x.com/orfonline/status/2008512624414065003","0","0","0","165","0","2026-09-28T14:18:37.884Z","true"
"2026-01-06T12:10:00.000Z","https://x.com/orfonline/status/2008511364512575986","0","0","0","141","0","2026-09-28T14:18:37.884Z","true"
"2026-01-06T12:05:00.000Z","https://x.com/orfonline/status/2008510106573688862","0","0","0","141","0","2026-09-28T14:18:40.944Z","true"
"2026-01-06T12:00:01.000Z","https://x.com/orfonline/status/2008508853365940379","0","0","0","218","0","2026-09-28T14:18:40.944Z","true"
"2026-01-06T11:55:00.000Z","https://x.com/orfonline/status/2008507589529923630","0","0","0","141","0","2026-09-28T14:18:40.944Z","true"
"2026-01-06T11:50:00.000Z","https://x.com/orfonline/status/2008506331184115957","0","0","0","132","0","2026-09-28T14:18:42.416Z","true"
"2026-01-06T11:45:00.000Z","https://x.com/orfonline/status/2008505073391849714","0","0","0","136","0","2026-09-28T14:18:42.416Z","true"
"2026-01-06T11:40:00.000Z","https://x.com/orfonline/status/2008503814832476422","0","0","0","136","0","2026-09-28T14:18:44.942Z","true"
"2026-01-06T11:35:00.000Z","https://x.com/orfonline/status/2008502556545176016","0","0","0","144","0","2026-09-28T14:18:44.942Z","true"
"2026-01-06T11:30:00.000Z","https://x.com/orfonline/status/2008501299008995829","0","0","0","224","0","2026-09-28T14:18:44.942Z","true"
"2026-01-06T11:20:00.000Z","https://x.com/orfonline/status/2008498781797454263","0","0","0","120","0","2026-09-28T14:18:46.261Z","true"
"2026-01-06T11:15:00.000Z","https://x.com/orfonline/status/2008497523300651012","0","0","0","127","0","2026-09-28T14:18:46.261Z","true"
"2026-01-06T11:10:00.000Z","https://x.com/orfonline/status/2008496265101795612","0","0","0","126","0","2026-09-28T14:18:47.584Z","true"
"2026-01-06T11:00:00.000Z","https://x.com/orfonline/status/2008493748192244030","0","0","0","120","0","2026-09-28T14:18:47.584Z","true"
"2026-01-06T10:50:00.000Z","https://x.com/orfonline/status/2008491231765225658","0","0","0","138","0","2026-09-28T14:18:47.584Z","true"
"2026-01-06T10:45:00.000Z","https://x.com/orfonline/status/2008489973394051074","0","0","0","157","0","2026-09-28T14:18:48.929Z","true"
"2026-01-06T10:40:00.000Z","https://x.com/orfonline/status/2008488715455468002","0","0","0","136","0","2026-09-28T14:18:48.929Z","true"
"2026-01-06T10:35:00.000Z","https://x.com/orfonline/status/2008487457172676839","0","0","0","155","0","2026-09-28T14:18:50.265Z","true"
"2026-01-06T10:30:00.000Z","https://x.com/orfonline/status/2008486199648792692","1","0","0","244","1","2026-09-28T14:18:50.265Z","true"
"2026-01-06T10:20:30.000Z","https://x.com/orfonline/status/2008483807725563929","0","0","0","162","0","2026-09-28T14:18:50.265Z","true"
"2026-01-06T10:15:00.000Z","https://x.com/orfonline/status/2008482424049856937","0","0","0","161","0","2026-09-28T14:18:51.588Z","true"
"2026-01-06T10:00:02.000Z","https://x.com/orfonline/status/2008478657572958567","0","0","0","131","0","2026-09-28T14:18:51.588Z","true"
"2026-01-06T09:54:00.000Z","https://x.com/orfonline/status/2008477138819719296","0","0","0","156","0","2026-09-28T14:18:52.915Z","true"
"2026-01-06T09:45:00.000Z","https://x.com/orfonline/status/2008474874126180640","0","0","0","140","0","2026-09-28T14:18:52.915Z","true"
"2026-01-06T09:40:00.000Z","https://x.com/orfonline/status/2008473615659045039","0","0","0","164","0","2026-09-28T14:18:55.455Z","true"
"2026-01-06T09:35:00.000Z","https://x.com/orfonline/status/2008472357426577439","0","0","0","134","0","2026-09-28T14:18:55.455Z","true"
"2026-01-06T09:30:00.000Z","https://x.com/orfonline/status/2008471101672763504","0","0","0","260","0","2026-09-28T14:18:55.455Z","true"
"2026-01-06T09:20:00.000Z","https://x.com/orfonline/status/2008468582737346733","0","0","0","158","0","2026-09-28T14:18:56.791Z","true"
"2026-01-06T09:15:00.000Z","https://x.com/orfonline/status/2008467324324503840","2","0","0","147","2","2026-09-28T14:18:56.791Z","true"
"2026-01-06T09:05:00.000Z","https://x.com/orfonline/status/2008464808249528370","1","0","0","130","1","2026-09-28T14:18:58.110Z","true"
"2026-01-06T09:00:01.000Z","https://x.com/orfonline/status/2008463552424931697","1","0","0","142","1","2026-09-28T14:18:58.110Z","true"
"2026-01-06T08:49:00.000Z","https://x.com/orfonline/status/2008460780983800304","0","0","0","148","0","2026-09-28T14:18:59.433Z","true"
"2026-01-06T08:45:00.000Z","https://x.com/orfonline/status/2008459774388818221","0","0","0","142","0","2026-09-28T14:18:59.433Z","true"
"2026-01-06T08:40:00.000Z","https://x.com/orfonline/status/2008458516336390275","2","2","0","197","4","2026-09-28T14:18:59.433Z","true"
"2026-01-06T08:35:00.000Z","https://x.com/orfonline/status/2008457258061980124","0","0","0","162","0","2026-09-28T14:19:00.767Z","true"
"2026-01-06T08:30:00.000Z","https://x.com/orfonline/status/2008456000844820810","0","0","0","254","0","2026-09-28T14:19:00.767Z","true"
"2026-01-06T08:15:00.000Z","https://x.com/orfonline/status/2008452224863924240","2","1","0","182","3","2026-09-28T14:19:02.105Z","true"
"2026-01-06T08:10:00.000Z","https://x.com/orfonline/status/2008450966459195844","0","0","0","203","0","2026-09-28T14:19:02.105Z","true"
"2026-01-06T08:00:01.000Z","https://x.com/orfonline/status/2008448456596353065","0","0","0","136","0","2026-09-28T14:19:02.105Z","true"
"2026-01-06T07:50:00.000Z","https://x.com/orfonline/status/2008445933110128690","0","0","0","145","0","2026-09-28T14:19:03.434Z","true"
"2026-01-06T07:45:00.000Z","https://x.com/orfonline/status/2008444674638574076","0","0","0","181","0","2026-09-28T14:19:03.434Z","true"
"2026-01-06T07:40:00.000Z","https://x.com/orfonline/status/2008443416473203147","0","0","0","136","0","2026-09-28T14:19:04.880Z","true"
"2026-01-06T07:30:00.000Z","https://x.com/orfonline/status/2008440901941817623","0","1","0","273","1","2026-09-28T14:19:04.880Z","true"
"2026-01-06T07:15:00.000Z","https://x.com/orfonline/status/2008437125369245706","0","0","0","129","0","2026-09-28T14:19:04.880Z","true"
"2026-01-06T07:10:00.000Z","https://x.com/orfonline/status/2008435867082518983","0","0","0","150","0","2026-09-28T14:19:06.305Z","true"
"2026-01-06T07:05:00.000Z","https://x.com/orfonline/status/2008434608711536858","0","0","0","153","0","2026-09-28T14:19:06.305Z","true"
"2026-01-06T07:00:00.000Z","https://x.com/orfonline/status/2008433350046867779","0","0","0","121","0","2026-09-28T14:19:07.624Z","true"
"2026-01-06T06:50:00.000Z","https://x.com/orfonline/status/2008430833640894490","0","0","0","138","0","2026-09-28T14:19:07.624Z","true"
"2026-01-06T06:45:00.000Z","https://x.com/orfonline/status/2008429575521645009","0","0","0","155","0","2026-09-28T14:19:08.957Z","true"
"2026-01-06T06:40:00.000Z","https://x.com/orfonline/status/2008428316991390179","0","0","0","153","0","2026-09-28T14:19:08.957Z","true"
"2026-01-06T06:35:00.000Z","https://x.com/orfonline/status/2008427058855391605","0","0","0","154","0","2026-09-28T14:19:10.284Z","true"
"2026-01-06T06:30:00.000Z","https://x.com/orfonline/status/2008425801725911506","1","0","0","175","1","2026-09-28T14:19:10.284Z","true"
"2026-01-06T06:20:00.000Z","https://x.com/orfonline/status/2008423283868258719","0","0","0","140","0","2026-09-28T14:19:10.284Z","true"
"2026-01-06T06:15:30.000Z","https://x.com/orfonline/status/2008422151477657683","0","1","0","150","1","2026-09-28T14:19:11.622Z","true"
"2026-01-06T06:10:00.000Z","https://x.com/orfonline/status/2008420767265144961","0","0","0","139","0","2026-09-28T14:19:11.622Z","true"
"2026-01-06T06:05:00.000Z","https://x.com/orfonline/status/2008419509460259326","1","1","0","217","2","2026-09-28T14:19:12.941Z","true"
"2026-01-06T06:00:01.000Z","https://x.com/orfonline/status/2008418254864474443","2","0","0","150","2","2026-09-28T14:19:12.941Z","true"
"2026-01-06T05:55:00.000Z","https://x.com/orfonline/status/2008416992500363310","0","0","0","172","0","2026-09-28T14:19:12.941Z","true"
"2026-01-06T05:50:00.000Z","https://x.com/orfonline/status/2008415734280442228","0","0","0","122","0","2026-09-28T14:19:14.280Z","true"
"2026-01-06T05:45:00.000Z","https://x.com/orfonline/status/2008414476014354636","0","0","0","134","0","2026-09-28T14:19:14.280Z","true"
"2026-01-06T05:40:00.000Z","https://x.com/orfonline/status/2008413217383715190","0","0","0","115","0","2026-09-28T14:19:17.268Z","true"
"2026-01-06T05:30:00.000Z","https://x.com/orfonline/status/2008410700989829384","5","1","0","1447","6","2026-09-28T14:19:17.268Z","true"
"2026-01-06T05:20:00.000Z","https://x.com/orfonline/status/2008408184453566727","1","1","0","122","2","2026-09-28T14:19:17.268Z","true"
"2026-01-06T05:15:00.000Z","https://x.com/orfonline/status/2008406926074233314","0","0","0","152","0","2026-09-28T14:19:17.268Z","true"
"2026-01-06T05:10:00.000Z","https://x.com/orfonline/status/2008405667976216757","0","0","0","143","0","2026-09-28T14:19:18.810Z","true"
"2026-01-06T05:10:00.000Z","https://x.com/orfonline/status/2008405667770515788","0","0","0","138","0","2026-09-28T14:19:18.810Z","true"
"2026-01-06T05:05:00.000Z","https://x.com/orfonline/status/2008404409726714259","0","0","0","138","0","2026-09-28T14:19:21.338Z","true"
"2026-01-06T05:00:00.000Z","https://x.com/orfonline/status/2008403154291859921","0","0","0","164","0","2026-09-28T14:19:21.338Z","true"
"2026-01-06T04:55:00.000Z","https://x.com/orfonline/status/2008401893081379139","0","0","0","159","0","2026-09-28T14:19:21.338Z","true"
"2026-01-06T04:50:00.000Z","https://x.com/orfonline/status/2008400634496905493","0","0","0","167","0","2026-09-28T14:19:22.664Z","true"
"2026-01-06T04:45:00.000Z","https://x.com/orfonline/status/2008399376251826552","1","0","0","156","1","2026-09-28T14:19:22.664Z","true"
"2026-01-06T04:40:00.000Z","https://x.com/orfonline/status/2008398117906075826","0","0","0","175","0","2026-09-28T14:19:22.664Z","true"
"2026-01-06T04:30:00.000Z","https://x.com/orfonline/status/2008395602309111834","0","0","0","153","0","2026-09-28T14:19:23.994Z","true"
"2026-01-06T04:20:00.000Z","https://x.com/orfonline/status/2008393084913279063","0","0","0","131","0","2026-09-28T14:19:23.994Z","true"
"2026-01-06T04:15:00.000Z","https://x.com/orfonline/status/2008391826865369276","3","0","0","174","3","2026-09-28T14:19:25.331Z","true"
"2026-01-06T04:10:00.000Z","https://x.com/orfonline/status/2008390568317977050","0","0","0","166","0","2026-09-28T14:19:25.331Z","true"
"2026-01-06T04:05:00.000Z","https://x.com/orfonline/status/2008389310106767808","0","0","0","142","0","2026-09-28T14:19:25.331Z","true"
"2026-01-06T04:00:00.000Z","https://x.com/orfonline/status/2008388052163461272","0","0","0","126","0","2026-09-28T14:19:26.660Z","true"
"2026-01-06T03:55:00.000Z","https://x.com/orfonline/status/2008386793364984015","0","0","0","185","0","2026-09-28T14:19:26.660Z","true"
"2026-01-06T03:50:00.000Z","https://x.com/orfonline/status/2008385535379993079","0","0","0","155","0","2026-09-28T14:19:28.407Z","true"
"2026-01-06T03:45:00.000Z","https://x.com/orfonline/status/2008384276660973687","0","0","0","152","0","2026-09-28T14:19:28.407Z","true"
"2026-01-06T03:40:00.000Z","https://x.com/orfonline/status/2008383018713428409","0","0","0","160","0","2026-09-28T14:19:28.407Z","true"
"2026-01-06T03:30:00.000Z","https://x.com/orfonline/status/2008380503116967953","1","0","0","159","1","2026-09-28T14:19:28.407Z","true"
"2026-01-06T03:20:00.000Z","https://x.com/orfonline/status/2008377985523724585","0","0","0","166","0","2026-09-28T14:19:29.874Z","true"
"2026-01-06T03:15:00.000Z","https://x.com/orfonline/status/2008376727157043589","1","0","0","164","1","2026-09-28T14:19:29.874Z","true"
"2026-01-06T03:10:00.000Z","https://x.com/orfonline/status/2008375468987216208","0","0","0","186","0","2026-09-28T14:19:29.874Z","true"
"2026-01-06T03:05:00.000Z","https://x.com/orfonline/status/2008374210989597059","0","0","0","165","0","2026-09-28T14:19:32.400Z","true"
"2026-01-06T03:00:01.000Z","https://x.com/orfonline/status/2008372956590694448","1","0","0","179","1","2026-09-28T14:19:32.400Z","true"
"2026-01-06T02:55:00.000Z","https://x.com/orfonline/status/2008371693954441552","2","0","0","167","2","2026-09-28T14:19:33.732Z","true"
"2026-01-06T02:50:00.000Z","https://x.com/orfonline/status/2008370435667443932","0","0","0","149","0","2026-09-28T14:19:33.732Z","true"
"2026-01-06T02:45:00.000Z","https://x.com/orfonline/status/2008369177359511977","1","0","0","124","1","2026-09-28T14:19:33.732Z","true"
"2026-01-06T02:40:00.000Z","https://x.com/orfonline/status/2008367918942138653","1","0","0","142","1","2026-09-28T14:19:35.068Z","true"
"2026-01-06T02:30:00.000Z","https://x.com/orfonline/status/2008365403374747758","0","0","0","135","0","2026-09-28T14:19:35.068Z","true"
"2026-01-06T02:20:00.000Z","https://x.com/orfonline/status/2008362886146470361","0","0","0","148","0","2026-09-28T14:19:35.068Z","true"
"2026-01-06T02:10:00.000Z","https://x.com/orfonline/status/2008360369215984115","0","0","0","140","0","2026-09-28T14:19:36.418Z","true"
"2026-01-06T02:00:00.000Z","https://x.com/orfonline/status/2008357853128773965","0","0","0","174","0","2026-09-28T14:19:36.418Z","true"
"2026-01-06T01:50:00.000Z","https://x.com/orfonline/status/2008355335988531344","0","0","0","165","0","2026-09-28T14:19:37.751Z","true"
"2026-01-06T01:40:30.000Z","https://x.com/orfonline/status/2008352945478529524","0","0","0","165","0","2026-09-28T14:19:37.751Z","true"
"2026-01-06T01:30:00.000Z","https://x.com/orfonline/status/2008350303092117556","1","0","0","157","1","2026-09-28T14:19:37.751Z","true"
"2026-01-06T01:20:00.000Z","https://x.com/orfonline/status/2008347786392060241","0","0","0","170","0","2026-09-28T14:19:39.075Z","true"
"2026-01-06T01:10:00.000Z","https://x.com/orfonline/status/2008345269964857591","1","0","0","157","1","2026-09-28T14:19:39.075Z","true"
"2026-01-06T01:00:01.000Z","https://x.com/orfonline/status/2008342757728022822","0","1","0","136","1","2026-09-28T14:19:40.404Z","true"
"2026-01-06T00:50:00.000Z","https://x.com/orfonline/status/2008340236766728353","1","0","0","155","1","2026-09-28T14:19:40.404Z","true"
"2026-01-06T00:40:00.000Z","https://x.com/orfonline/status/2008337720041521385","0","0","0","165","0","2026-09-28T14:19:42.953Z","true"
"2026-01-06T00:30:00.000Z","https://x.com/orfonline/status/2008335203605844072","0","0","0","137","0","2026-09-28T14:19:42.953Z","true"
"2026-01-06T00:20:00.000Z","https://x.com/orfonline/status/2008332686834704445","0","0","0","138","0","2026-09-28T14:19:42.953Z","true"
"2026-01-06T00:10:00.000Z","https://x.com/orfonline/status/2008330170525004055","0","0","0","183","0","2026-09-28T14:19:44.284Z","true"
"2026-01-06T00:00:01.000Z","https://x.com/orfonline/status/2008327657428033568","0","0","0","127","0","2026-09-28T14:19:44.284Z","true"
"2026-01-05T23:50:00.000Z","https://x.com/orfonline/status/2008325137230385167","1","0","0","159","1","2026-09-28T14:19:45.617Z","true"
"2026-01-05T23:40:00.000Z","https://x.com/orfonline/status/2008322620924502368","0","0","0","189","0","2026-09-28T14:19:45.618Z","true"
"2026-01-05T23:30:30.000Z","https://x.com/orfonline/status/2008320231702491587","0","0","0","167","0","2026-09-28T14:19:45.618Z","true"
"2026-01-05T23:20:00.000Z","https://x.com/orfonline/status/2008317587692847512","0","0","0","127","0","2026-09-28T14:19:45.618Z","true"
"2026-01-05T23:10:00.000Z","https://x.com/orfonline/status/2008315070745620854","0","0","0","130","0","2026-09-28T14:19:45.618Z","true"
"2026-01-05T23:00:01.000Z","https://x.com/orfonline/status/2008312557950615894","0","0","0","116","0","2026-09-28T14:19:45.618Z","true"
"2026-01-05T22:50:00.000Z","https://x.com/orfonline/status/2008310037945741511","0","0","0","141","0","2026-09-28T14:19:45.618Z","true"
"2026-01-05T22:40:00.000Z","https://x.com/orfonline/status/2008307521304379741","0","0","0","123","0","2026-09-28T14:19:45.618Z","true"
"2026-01-05T22:30:01.000Z","https://x.com/orfonline/status/2008305008371003838","0","0","0","112","0","2026-09-28T14:19:45.618Z","true"
"2026-01-05T22:20:00.000Z","https://x.com/orfonline/status/2008302487867191395","0","0","0","129","0","2026-09-28T14:19:45.618Z","true"
"2026-01-05T22:10:30.000Z","https://x.com/orfonline/status/2008300097566830824","0","0","0","126","0","2026-09-28T14:19:45.618Z","true"
"2026-01-05T22:00:00.000Z","https://x.com/orfonline/status/2008297456711127110","0","0","0","181","0","2026-09-28T14:19:45.618Z","true"
"2026-01-05T21:50:00.000Z","https://x.com/orfonline/status/2008294938438459413","0","0","0","158","0","2026-09-28T14:19:45.618Z","true"
"2026-01-05T21:40:00.000Z","https://x.com/orfonline/status/2008292422137127377","0","0","0","133","0","2026-09-28T14:19:45.618Z","true"
"2026-01-05T21:30:30.000Z","https://x.com/orfonline/status/2008290032378146993","0","0","0","145","0","2026-09-28T14:19:45.618Z","true"
"2026-01-05T21:20:00.000Z","https://x.com/orfonline/status/2008287388825776212","0","0","0","121","0","2026-09-28T14:19:45.618Z","true"
"2026-01-05T21:10:00.000Z","https://x.com/orfonline/status/2008284872096305635","1","0","0","137","1","2026-09-28T14:19:45.618Z","true"
"2026-01-05T20:50:00.000Z","https://x.com/orfonline/status/2008279839199936523","0","0","0","137","0","2026-09-28T14:19:45.618Z","true"
"2026-01-05T20:40:00.000Z","https://x.com/orfonline/status/2008277322131271726","0","0","0","128","0","2026-09-28T14:19:45.618Z","true"
"2026-01-05T20:30:00.000Z","https://x.com/orfonline/status/2008274805670514990","0","0","0","143","0","2026-09-28T14:19:45.618Z","true"
"2026-01-05T20:20:00.000Z","https://x.com/orfonline/status/2008272289100607777","0","0","1","133","1","2026-09-28T14:19:45.618Z","true"
"2026-01-05T18:15:00.000Z","https://x.com/orfonline/status/2008240831866523740","0","0","0","201","0","2026-09-29T07:15:10.563Z","true"
"2026-01-05T18:10:00.000Z","https://x.com/orfonline/status/2008239573474963902","0","0","0","190","0","2026-09-29T07:15:10.563Z","true"
"2026-01-05T18:05:00.000Z","https://x.com/orfonline/status/2008238315712246027","0","0","0","175","0","2026-09-29T07:15:11.889Z","true"
"2026-01-05T18:01:00.000Z","https://x.com/orfonline/status/2008237308856676700","0","0","0","184","0","2026-09-29T07:15:11.889Z","true"
"2026-01-05T17:50:00.000Z","https://x.com/orfonline/status/2008234540427604160","0","0","0","221","0","2026-09-29T07:15:13.217Z","true"
"2026-01-05T17:46:00.000Z","https://x.com/orfonline/status/2008233533660426667","0","0","0","190","0","2026-09-29T07:15:13.217Z","true"
"2026-01-05T17:40:00.000Z","https://x.com/orfonline/status/2008232023685505309","0","0","0","222","0","2026-09-29T07:15:13.217Z","true"
"2026-01-05T17:35:00.000Z","https://x.com/orfonline/status/2008230765671161864","0","0","0","210","0","2026-09-29T07:15:14.543Z","true"
"2026-01-05T17:30:00.000Z","https://x.com/orfonline/status/2008229508516569491","0","0","0","323","0","2026-09-29T07:15:14.543Z","true"
"2026-01-05T17:20:00.000Z","https://x.com/orfonline/status/2008226990533558379","2","0","0","182","2","2026-09-29T07:15:15.858Z","true"
"2026-01-05T17:05:00.000Z","https://x.com/orfonline/status/2008223215915815378","2","0","0","261","2","2026-09-29T07:15:15.858Z","true"
"2026-01-05T16:45:00.000Z","https://x.com/orfonline/status/2008218182578749669","4","0","0","235","4","2026-09-29T07:15:17.177Z","true"
"2026-01-05T16:44:09.000Z","https://x.com/orfonline/status/2008217971106414799","1","0","0","248","1","2026-09-29T07:15:17.177Z","true"
"2026-01-05T16:19:00.000Z","https://x.com/orfonline/status/2008211639347380380","2","1","0","248","3","2026-09-29T07:15:18.501Z","true"
"2026-01-05T16:10:00.000Z","https://x.com/orfonline/status/2008209374662078736","0","0","0","205","0","2026-09-29T07:15:18.501Z","true"
"2026-01-05T16:00:01.000Z","https://x.com/orfonline/status/2008206862752338047","0","0","0","278","0","2026-09-29T07:15:18.501Z","true"
"2026-01-05T15:59:00.000Z","https://x.com/orfonline/status/2008206606496931978","0","0","0","222","0","2026-09-29T07:15:18.501Z","true"
"2026-01-05T15:45:00.000Z","https://x.com/orfonline/status/2008203083327611112","1","0","0","207","1","2026-09-29T07:15:18.501Z","true"
"2026-01-05T15:40:00.000Z","https://x.com/orfonline/status/2008201824822595759","1","0","0","200","1","2026-09-29T07:15:18.501Z","true"
"2026-01-05T15:35:00.000Z","https://x.com/orfonline/status/2008200567038849142","1","0","0","232","1","2026-09-29T07:15:18.501Z","true"
"2026-01-05T15:32:39.000Z","https://x.com/orfonline/status/2008199974950170838","0","0","0","239","0","2026-09-29T07:15:18.501Z","true"
"2026-01-05T15:30:00.000Z","https://x.com/orfonline/status/2008199308374634512","0","1","0","311","1","2026-09-29T07:15:18.501Z","true"
"2026-01-05T15:20:00.000Z","https://x.com/orfonline/status/2008196791712268344","0","0","0","213","0","2026-09-29T07:15:18.501Z","true"
"2026-01-05T15:15:00.000Z","https://x.com/orfonline/status/2008195533173911745","1","0","0","215","1","2026-09-29T07:15:18.501Z","true"
"2026-01-05T15:05:00.000Z","https://x.com/orfonline/status/2008193017354629232","1","0","0","235","1","2026-09-29T07:15:18.501Z","true"
"2026-01-05T15:00:00.000Z","https://x.com/orfonline/status/2008191758665236608","0","0","0","173","0","2026-09-29T07:15:18.501Z","true"
"2026-01-05T14:50:00.000Z","https://x.com/orfonline/status/2008189242132803977","2","0","0","222","2","2026-09-29T07:15:18.501Z","true"
"2026-01-05T14:44:00.000Z","https://x.com/orfonline/status/2008187732107968641","1","1","0","221","2","2026-09-29T07:15:18.501Z","true"
"2026-01-05T14:00:00.000Z","https://x.com/orfonline/status/2008176660580008049","1","0","0","183","1","2026-09-29T07:15:18.501Z","true"
"2026-01-05T13:35:00.000Z","https://x.com/orfonline/status/2008170367743889833","0","0","0","200","0","2026-09-29T07:15:18.501Z","true"
"2026-01-05T13:30:00.000Z","https://x.com/orfonline/status/2008169108999983611","0","0","0","307","0","2026-09-29T07:15:18.501Z","true"
"2026-01-05T13:20:00.000Z","https://x.com/orfonline/status/2008166592731824377","0","0","0","199","0","2026-09-29T07:15:18.501Z","true"
"2026-01-05T13:15:00.000Z","https://x.com/orfonline/status/2008165334587723949","1","0","0","204","1","2026-09-29T07:15:18.501Z","true"
"2026-01-05T13:05:00.000Z","https://x.com/orfonline/status/2008162818139509139","1","0","0","212","1","2026-09-29T07:15:18.501Z","true"
"2026-01-05T13:00:02.000Z","https://x.com/orfonline/status/2008161567603569125","0","0","0","156","0","2026-09-29T07:15:18.501Z","true"
"2026-01-05T12:50:00.000Z","https://x.com/orfonline/status/2008159042758418799","1","0","0","200","1","2026-09-29T07:15:18.501Z","true"
"2026-01-05T12:45:00.000Z","https://x.com/orfonline/status/2008157784827945015","0","0","0","220","0","2026-09-29T07:15:18.501Z","true"
"2026-01-05T12:30:00.000Z","https://x.com/orfonline/status/2008154012101861513","0","0","0","357","0","2026-09-29T07:15:18.501Z","true"
"2026-01-05T12:20:00.000Z","https://x.com/orfonline/status/2008151493233578443","1","1","0","249","2","2026-09-29T07:15:18.501Z","true"
"2026-01-05T12:15:00.000Z","https://x.com/orfonline/status/2008150235055341712","0","0","0","238","0","2026-09-29T07:15:18.501Z","true"
"2026-01-05T12:10:30.000Z","https://x.com/orfonline/status/2008149102392127836","0","0","0","226","0","2026-09-28T14:16:50.794Z","true"
"2026-01-05T12:05:00.000Z","https://x.com/orfonline/status/2008147718829449383","0","0","0","206","0","2026-09-28T14:16:50.794Z","true"
"2026-01-05T12:01:00.000Z","https://x.com/orfonline/status/2008146712196465005","0","0","0","211","0","2026-09-28T14:16:53.324Z","true"
"2026-01-05T11:50:00.000Z","https://x.com/orfonline/status/2008143943507075172","2","0","0","249","2","2026-09-28T14:16:53.324Z","true"
"2026-01-05T11:45:00.000Z","https://x.com/orfonline/status/2008142685295833344","0","0","0","232","0","2026-09-28T14:16:54.649Z","true"
"2026-01-05T11:40:00.000Z","https://x.com/orfonline/status/2008141427155353795","1","1","0","222","2","2026-09-28T14:16:54.649Z","true"
"2026-01-05T11:35:00.000Z","https://x.com/orfonline/status/2008140168654692472","0","0","0","217","0","2026-09-28T14:16:54.649Z","true"
"2026-01-05T11:30:00.000Z","https://x.com/orfonline/status/2008138911940579381","2","1","0","295","3","2026-09-28T14:16:54.649Z","true"
"2026-01-05T11:20:00.000Z","https://x.com/orfonline/status/2008136393764266355","0","0","0","190","0","2026-09-28T14:16:55.972Z","true"
"2026-01-05T11:15:00.000Z","https://x.com/orfonline/status/2008135135384989922","0","0","0","225","0","2026-09-28T14:16:55.972Z","true"
"2026-01-05T11:05:00.000Z","https://x.com/orfonline/status/2008132619054313927","0","0","0","204","0","2026-09-28T14:16:57.294Z","true"
"2026-01-05T11:00:02.000Z","https://x.com/orfonline/status/2008131369197822373","0","0","0","252","0","2026-09-28T14:16:57.294Z","true"
"2026-01-05T10:50:00.000Z","https://x.com/orfonline/status/2008128843744203005","0","0","0","203","0","2026-09-28T14:16:58.617Z","true"
"2026-01-05T10:45:00.000Z","https://x.com/orfonline/status/2008127585637810318","0","1","0","166","1","2026-09-28T14:16:58.617Z","true"
"2026-01-05T10:40:00.000Z","https://x.com/orfonline/status/2008126327204032885","1","0","0","172","1","2026-09-28T14:16:58.617Z","true"
"2026-01-05T10:35:00.000Z","https://x.com/orfonline/status/2008125069218795575","0","0","0","196","0","2026-09-28T14:16:59.953Z","true"
"2026-01-05T10:30:00.000Z","https://x.com/orfonline/status/2008123811015561273","0","1","0","305","1","2026-09-28T14:16:59.954Z","true"
"2026-01-05T10:20:00.000Z","https://x.com/orfonline/status/2008121294248726831","0","0","0","194","0","2026-09-28T14:17:01.275Z","true"
"2026-01-05T10:15:00.000Z","https://x.com/orfonline/status/2008120035999637832","0","0","0","214","0","2026-09-28T14:17:01.275Z","true"
"2026-01-05T10:10:00.000Z","https://x.com/orfonline/status/2008118777515540546","0","0","0","226","0","2026-09-28T14:17:01.275Z","true"
"2026-01-05T10:05:00.000Z","https://x.com/orfonline/status/2008117519614366133","1","0","0","215","1","2026-09-28T14:17:02.591Z","true"
"2026-01-05T09:59:00.000Z","https://x.com/orfonline/status/2008116009069412463","1","0","0","225","1","2026-09-28T14:17:02.591Z","true"
"2026-01-05T09:50:00.000Z","https://x.com/orfonline/status/2008113744283312629","0","0","1","228","1","2026-09-28T14:17:05.114Z","true"
"2026-01-05T09:45:00.000Z","https://x.com/orfonline/status/2008112485845602327","0","0","0","213","0","2026-09-28T14:17:05.114Z","true"
"2026-01-05T09:40:00.000Z","https://x.com/orfonline/status/2008111227852161024","0","0","0","218","0","2026-09-28T14:17:05.114Z","true"
"2026-01-05T09:35:00.000Z","https://x.com/orfonline/status/2008109969715937287","0","0","0","209","0","2026-09-28T14:17:06.439Z","true"
"2026-01-05T09:30:00.000Z","https://x.com/orfonline/status/2008108711852884182","0","0","0","293","0","2026-09-28T14:17:06.439Z","true"
"2026-01-05T09:20:30.000Z","https://x.com/orfonline/status/2008106320311074966","1","0","0","203","1","2026-09-28T14:17:06.439Z","true"
"2026-01-05T09:15:00.000Z","https://x.com/orfonline/status/2008104936878342560","4","2","0","458","6","2026-09-28T14:17:07.762Z","true"
"2026-01-05T09:10:00.000Z","https://x.com/orfonline/status/2008103678008242397","0","0","0","173","0","2026-09-28T14:17:07.762Z","true"
"2026-01-05T09:05:30.000Z","https://x.com/orfonline/status/2008102545982714325","0","0","0","190","0","2026-09-28T14:17:09.090Z","true"
"2026-01-05T09:00:03.000Z","https://x.com/orfonline/status/2008101173509636360","0","0","0","172","0","2026-09-28T14:17:09.090Z","true"
"2026-01-05T08:59:00.000Z","https://x.com/orfonline/status/2008100909801512985","0","0","0","163","0","2026-09-28T14:17:10.415Z","true"
"2026-01-05T08:50:00.000Z","https://x.com/orfonline/status/2008098644667613406","0","0","0","176","0","2026-09-28T14:17:10.415Z","true"
"2026-01-05T08:45:00.000Z","https://x.com/orfonline/status/2008097386548076635","0","0","0","203","0","2026-09-28T14:17:10.415Z","true"
"2026-01-05T08:40:00.000Z","https://x.com/orfonline/status/2008096128219382102","0","0","0","166","0","2026-09-28T14:17:11.742Z","true"
"2026-01-05T08:35:00.000Z","https://x.com/orfonline/status/2008094870032744735","0","0","0","185","0","2026-09-28T14:17:11.742Z","true"
"2026-01-05T08:30:00.000Z","https://x.com/orfonline/status/2008093614132596963","0","0","0","271","0","2026-09-28T14:17:13.065Z","true"
"2026-01-05T08:20:00.000Z","https://x.com/orfonline/status/2008091095033598022","1","0","0","39","1","2026-09-28T14:17:13.065Z","true"
"2026-01-05T08:15:00.000Z","https://x.com/orfonline/status/2008089836713103677","0","0","0","179","0","2026-09-28T14:17:13.065Z","true"
"2026-01-05T08:10:00.000Z","https://x.com/orfonline/status/2008088578446745809","0","0","0","182","0","2026-09-28T14:17:15.835Z","true"
"2026-01-05T08:00:01.000Z","https://x.com/orfonline/status/2008086069019881575","0","0","0","162","0","2026-09-28T14:17:15.836Z","true"
"2026-01-05T07:50:00.000Z","https://x.com/orfonline/status/2008083545286123945","0","0","0","184","0","2026-09-28T14:17:15.836Z","true"
"2026-01-05T07:44:00.000Z","https://x.com/orfonline/status/2008082035269681170","0","0","0","173","0","2026-09-28T14:17:17.312Z","true"
"2026-01-05T07:40:00.000Z","https://x.com/orfonline/status/2008081028573982817","0","0","0","172","0","2026-09-28T14:17:17.312Z","true"
"2026-01-05T07:30:00.000Z","https://x.com/orfonline/status/2008078513572651191","0","0","0","300","0","2026-09-28T14:17:19.854Z","true"
"2026-01-05T07:16:00.000Z","https://x.com/orfonline/status/2008074988717281583","0","0","0","182","0","2026-09-28T14:17:19.855Z","true"
"2026-01-05T07:10:00.000Z","https://x.com/orfonline/status/2008073478931665123","0","0","0","175","0","2026-09-28T14:17:19.855Z","true"
"2026-01-05T07:04:00.000Z","https://x.com/orfonline/status/2008071969183252663","1","0","0","166","1","2026-09-28T14:17:21.184Z","true"
"2026-01-05T07:00:00.000Z","https://x.com/orfonline/status/2008070962298663031","0","0","0","152","0","2026-09-28T14:17:21.184Z","true"
"2026-01-05T06:50:00.000Z","https://x.com/orfonline/status/2008068445619773554","0","0","0","163","0","2026-09-28T14:17:21.185Z","true"
"2026-01-05T06:45:00.000Z","https://x.com/orfonline/status/2008067187353731463","0","0","0","173","0","2026-09-28T14:17:22.519Z","true"
"2026-01-05T06:40:00.000Z","https://x.com/orfonline/status/2008065929167638581","1","0","0","168","1","2026-09-28T14:17:22.519Z","true"
"2026-01-05T06:35:00.000Z","https://x.com/orfonline/status/2008064670830321853","0","0","0","166","0","2026-09-28T14:17:22.519Z","true"
"2026-01-05T06:30:00.000Z","https://x.com/orfonline/status/2008063412472033541","1","0","0","200","1","2026-09-28T14:17:23.863Z","true"
"2026-01-05T06:20:00.000Z","https://x.com/orfonline/status/2008060896015458610","0","0","0","189","0","2026-09-28T14:17:23.863Z","true"
"2026-01-05T06:15:00.000Z","https://x.com/orfonline/status/2008059637967253738","0","0","0","186","0","2026-09-28T14:17:23.863Z","true"
"2026-01-05T06:10:00.000Z","https://x.com/orfonline/status/2008058379428630725","1","0","0","178","1","2026-09-28T14:17:25.211Z","true"
"2026-01-05T06:05:00.000Z","https://x.com/orfonline/status/2008057121250873679","1","0","0","172","1","2026-09-28T14:17:25.211Z","true"
"2026-01-05T06:00:01.000Z","https://x.com/orfonline/status/2008055867510591704","1","0","0","176","1","2026-09-28T14:17:25.211Z","true"
"2026-01-05T05:55:00.000Z","https://x.com/orfonline/status/2008054604647268652","0","1","0","174","1","2026-09-28T14:17:26.548Z","true"
"2026-01-05T05:50:00.000Z","https://x.com/orfonline/status/2008053346192753106","1","0","0","193","1","2026-09-28T14:17:26.548Z","true"
"2026-01-05T05:45:00.000Z","https://x.com/orfonline/status/2008052087934906519","0","1","0","192","1","2026-09-28T14:17:26.548Z","true"
"2026-01-05T05:40:00.000Z","https://x.com/orfonline/status/2008050829601710200","1","0","0","191","1","2026-09-28T14:17:29.357Z","true"
"2026-01-05T05:30:00.000Z","https://x.com/orfonline/status/2008048314143412708","0","0","0","156","0","2026-09-28T14:17:29.357Z","true"
"2026-01-05T05:20:00.000Z","https://x.com/orfonline/status/2008045796688830888","0","0","0","183","0","2026-09-28T14:17:30.713Z","true"
"2026-01-05T05:15:00.000Z","https://x.com/orfonline/status/2008044538355646947","1","0","1","176","2","2026-09-28T14:17:30.713Z","true"
"2026-01-05T05:10:00.000Z","https://x.com/orfonline/status/2008043280169382280","1","0","0","203","1","2026-09-28T14:17:33.258Z","true"
"2026-01-05T05:05:00.000Z","https://x.com/orfonline/status/2008042021974384649","1","0","0","157","1","2026-09-28T14:17:33.258Z","true"
"2026-01-05T05:00:00.000Z","https://x.com/orfonline/status/2008040766313201777","1","0","0","181","1","2026-09-28T14:17:33.258Z","true"
"2026-01-05T04:55:00.000Z","https://x.com/orfonline/status/2008039505006317667","0","0","0","162","0","2026-09-28T14:17:35.794Z","true"
"2026-01-05T04:50:00.000Z","https://x.com/orfonline/status/2008038246647841005","0","0","0","144","0","2026-09-28T14:17:35.794Z","true"
"2026-01-05T04:45:00.000Z","https://x.com/orfonline/status/2008036988771774915","0","0","0","180","0","2026-09-28T14:17:35.794Z","true"
"2026-01-05T04:40:00.000Z","https://x.com/orfonline/status/2008035730246005033","0","0","0","175","0","2026-09-28T14:17:37.120Z","true"
"2026-01-05T04:30:00.000Z","https://x.com/orfonline/status/2008033215756505309","0","0","0","156","0","2026-09-28T14:17:37.120Z","true"
"2026-01-05T04:20:00.000Z","https://x.com/orfonline/status/2008030697328410742","0","0","0","177","0","2026-09-28T14:17:37.120Z","true"
"2026-01-05T04:15:00.000Z","https://x.com/orfonline/status/2008029438852612324","0","1","0","215","1","2026-09-28T14:17:38.443Z","true"
"2026-01-05T04:10:00.000Z","https://x.com/orfonline/status/2008028180461109501","1","0","0","189","1","2026-09-28T14:17:38.443Z","true"
"2026-01-05T04:05:00.000Z","https://x.com/orfonline/status/2008026922463191535","1","0","0","315","1","2026-09-28T14:17:39.763Z","true"
"2026-01-05T04:00:01.000Z","https://x.com/orfonline/status/2008025669125746937","0","0","0","202","0","2026-09-28T14:17:39.763Z","true"
"2026-01-05T03:55:00.000Z","https://x.com/orfonline/status/2008024405612351701","1","1","0","238","2","2026-09-28T14:17:39.763Z","true"
"2026-01-05T03:50:00.000Z","https://x.com/orfonline/status/2008023147304616017","0","0","0","193","0","2026-09-28T14:17:41.085Z","true"
"2026-01-05T03:45:00.000Z","https://x.com/orfonline/status/2008021889474511028","2","0","0","203","2","2026-09-28T14:17:41.085Z","true"
"2026-01-05T03:40:00.000Z","https://x.com/orfonline/status/2008020630680244724","0","0","0","178","0","2026-09-28T14:17:41.085Z","true"
"2026-01-05T03:30:00.000Z","https://x.com/orfonline/status/2008018115754332604","0","0","0","165","0","2026-09-28T14:17:43.606Z","true"
"2026-01-05T03:20:00.000Z","https://x.com/orfonline/status/2008015597725163657","1","0","0","219","1","2026-09-28T14:17:43.606Z","true"
"2026-01-05T03:15:00.000Z","https://x.com/orfonline/status/2008014339387838962","0","0","0","166","0","2026-09-28T14:17:44.932Z","true"
"2026-01-05T03:10:00.000Z","https://x.com/orfonline/status/2008013081176367596","0","0","0","187","0","2026-09-28T14:17:44.932Z","true"
"2026-01-05T03:05:00.000Z","https://x.com/orfonline/status/2008011823778591046","0","0","0","197","0","2026-09-28T14:17:46.262Z","true"
"2026-01-05T03:00:31.000Z","https://x.com/orfonline/status/2008010695452053778","0","0","0","173","0","2026-09-28T14:17:46.262Z","true"
"2026-01-05T02:55:30.000Z","https://x.com/orfonline/status/2008009431725044131","0","0","0","166","0","2026-09-28T14:17:47.582Z","true"
"2026-01-05T02:50:00.000Z","https://x.com/orfonline/status/2008008048082624883","0","0","0","206","0","2026-09-28T14:17:47.582Z","true"
"2026-01-05T02:45:00.000Z","https://x.com/orfonline/status/2008006789850095906","0","0","0","181","0","2026-09-28T14:17:48.915Z","true"
"2026-01-05T02:40:00.000Z","https://x.com/orfonline/status/2008005531471126983","0","0","0","200","0","2026-09-28T14:17:48.915Z","true"
"2026-01-05T02:30:00.000Z","https://x.com/orfonline/status/2008003014507000023","0","0","0","161","0","2026-09-28T14:17:48.915Z","true"
"2026-01-05T02:20:00.000Z","https://x.com/orfonline/status/2008000497936904384","0","0","0","170","0","2026-09-28T14:17:50.249Z","true"
"2026-01-05T02:10:00.000Z","https://x.com/orfonline/status/2007997981354811440","0","0","0","183","0","2026-09-28T14:17:50.249Z","true"
"2026-01-05T02:00:00.000Z","https://x.com/orfonline/status/2007995464680095924","2","1","1","280","4","2026-09-28T14:17:51.588Z","true"
"2026-01-05T01:50:00.000Z","https://x.com/orfonline/status/2007992948319781056","0","2","0","203","2","2026-09-28T14:17:51.588Z","true"
"2026-01-05T01:40:00.000Z","https://x.com/orfonline/status/2007990431578210332","0","0","0","178","0","2026-09-28T14:17:51.588Z","true"
"2026-01-05T01:30:00.000Z","https://x.com/orfonline/status/2007987916614836230","0","0","0","168","0","2026-09-28T14:17:52.919Z","true"
"2026-01-05T01:20:00.000Z","https://x.com/orfonline/status/2007985398538961218","0","0","0","175","0","2026-09-28T14:17:52.919Z","true"
"2026-01-05T01:10:00.000Z","https://x.com/orfonline/status/2007982881986187290","1","0","0","189","1","2026-09-28T14:17:52.919Z","true"
"2026-01-05T01:00:01.000Z","https://x.com/orfonline/status/2007980368788598950","0","0","0","184","0","2026-09-28T14:17:55.440Z","true"
"2026-01-05T00:50:00.000Z","https://x.com/orfonline/status/2007977848993190109","0","1","0","169","1","2026-09-28T14:17:55.440Z","true"
"2026-01-05T00:40:00.000Z","https://x.com/orfonline/status/2007975332188471497","0","0","0","213","0","2026-09-28T14:17:56.766Z","true"
"2026-01-05T00:30:00.000Z","https://x.com/orfonline/status/2007972815991894272","0","0","0","170","0","2026-09-28T14:17:56.766Z","true"
"2026-01-05T00:20:00.000Z","https://x.com/orfonline/status/2007970299032285664","0","0","0","170","0","2026-09-28T14:17:58.091Z","true"
"2026-01-05T00:10:00.000Z","https://x.com/orfonline/status/2007967782705750484","0","0","0","170","0","2026-09-28T14:17:58.091Z","true"
"2026-01-05T00:00:00.000Z","https://x.com/orfonline/status/2007965265921773679","0","0","0","163","0","2026-09-28T14:17:58.091Z","true"
"2026-01-04T23:50:00.000Z","https://x.com/orfonline/status/2007962749393928644","0","0","0","205","0","2026-09-28T14:17:59.411Z","true"
"2026-01-04T23:40:00.000Z","https://x.com/orfonline/status/2007960232753066023","0","0","0","201","0","2026-09-28T14:17:59.411Z","true"
"2026-01-04T23:30:00.000Z","https://x.com/orfonline/status/2007957717969777039","0","0","0","200","0","2026-09-28T14:17:59.411Z","true"
"2026-01-04T23:20:00.000Z","https://x.com/orfonline/status/2007955199491710987","0","0","0","167","0","2026-09-28T14:17:59.411Z","true"
"2026-01-04T23:10:00.000Z","https://x.com/orfonline/status/2007952683282333875","0","0","0","206","0","2026-09-28T14:17:59.412Z","true"
"2026-01-04T23:00:00.000Z","https://x.com/orfonline/status/2007950167329398874","1","0","0","157","1","2026-09-28T14:17:59.412Z","true"
"2026-01-04T22:50:00.000Z","https://x.com/orfonline/status/2007947650167947710","0","0","0","170","0","2026-09-28T14:17:59.412Z","true"
"2026-01-04T22:40:00.000Z","https://x.com/orfonline/status/2007945133723943108","0","0","0","152","0","2026-09-28T14:17:59.412Z","true"
"2026-01-04T22:30:30.000Z","https://x.com/orfonline/status/2007942745080611145","1","0","0","145","1","2026-09-28T14:17:59.412Z","true"
"2026-01-04T22:20:00.000Z","https://x.com/orfonline/status/2007940100257386715","0","0","0","170","0","2026-09-28T14:17:59.412Z","true"
"2026-01-04T22:10:00.000Z","https://x.com/orfonline/status/2007937583435874654","0","0","0","148","0","2026-09-28T14:17:59.412Z","true"
"2026-01-04T22:00:02.000Z","https://x.com/orfonline/status/2007935075766407210","0","0","0","170","0","2026-09-28T14:17:59.412Z","true"
"2026-01-04T21:50:00.000Z","https://x.com/orfonline/status/2007932550296354989","1","0","0","174","1","2026-09-28T14:17:59.412Z","true"
"2026-01-04T21:40:00.000Z","https://x.com/orfonline/status/2007930033839681877","0","0","0","239","0","2026-09-28T14:17:59.412Z","true"
"2026-01-04T21:30:30.000Z","https://x.com/orfonline/status/2007927643438821451","0","0","0","183","0","2026-09-28T14:17:59.412Z","true"
"2026-01-04T21:20:00.000Z","https://x.com/orfonline/status/2007925000989249650","0","0","0","246","0","2026-09-28T14:17:59.412Z","true"
"2026-01-04T21:10:00.000Z","https://x.com/orfonline/status/2007922483924812219","0","0","0","139","0","2026-09-28T14:17:59.412Z","true"
"2026-01-04T21:00:01.000Z","https://x.com/orfonline/status/2007919974472659076","0","0","0","171","0","2026-09-28T14:17:59.412Z","true"
"2026-01-04T20:50:00.000Z","https://x.com/orfonline/status/2007917450856444154","0","0","0","187","0","2026-09-28T14:17:59.412Z","true"
"2026-01-04T20:40:00.000Z","https://x.com/orfonline/status/2007914934563221686","0","0","0","188","0","2026-09-28T14:17:59.412Z","true"
"2026-01-04T20:30:00.000Z","https://x.com/orfonline/status/2007912418970943795","0","0","0","174","0","2026-09-28T14:17:59.412Z","true"
"2026-01-04T20:20:00.000Z","https://x.com/orfonline/status/2007909901092487378","0","0","0","146","0","2026-09-28T14:17:59.412Z","true"
"2026-01-04T18:14:00.000Z","https://x.com/orfonline/status/2007878192187461891","2","0","0","243","2","2026-09-29T07:12:49.616Z","true"
"2026-01-04T18:02:00.000Z","https://x.com/orfonline/status/2007875172762612004","0","0","0","254","0","2026-09-29T07:12:49.616Z","true"
"2026-01-04T17:41:00.000Z","https://x.com/orfonline/status/2007869887713067300","0","0","0","349","0","2026-09-29T07:12:50.940Z","true"
"2026-01-04T17:38:00.000Z","https://x.com/orfonline/status/2007869132499218912","0","0","0","311","0","2026-09-29T07:12:50.940Z","true"
"2026-01-04T17:33:00.000Z","https://x.com/orfonline/status/2007867874581381617","0","0","0","520","0","2026-09-29T07:12:50.940Z","true"
"2026-01-04T17:20:00.000Z","https://x.com/orfonline/status/2007864602642805070","0","0","0","300","0","2026-09-29T07:12:52.266Z","true"
"2026-01-04T17:10:00.000Z","https://x.com/orfonline/status/2007862086622228611","0","0","0","292","0","2026-09-29T07:12:52.266Z","true"
"2026-01-04T16:59:00.000Z","https://x.com/orfonline/status/2007859317819760722","0","0","0","260","0","2026-09-29T07:12:52.266Z","true"
"2026-01-04T16:43:00.000Z","https://x.com/orfonline/status/2007855291518623891","0","0","0","277","0","2026-09-29T07:12:53.591Z","true"
"2026-01-04T16:30:00.000Z","https://x.com/orfonline/status/2007852020393230527","0","0","0","454","0","2026-09-29T07:12:53.591Z","true"
"2026-01-04T16:20:00.000Z","https://x.com/orfonline/status/2007849503278477812","0","0","0","284","0","2026-09-29T07:12:54.925Z","true"
"2026-01-04T16:15:00.000Z","https://x.com/orfonline/status/2007848245037338748","0","0","0","224","0","2026-09-29T07:12:54.925Z","true"
"2026-01-04T16:05:00.000Z","https://x.com/orfonline/status/2007845728555831613","2","0","0","207","2","2026-09-29T07:12:57.450Z","true"
"2026-01-04T15:55:00.000Z","https://x.com/orfonline/status/2007843211658829831","0","0","0","228","0","2026-09-29T07:12:57.450Z","true"
"2026-01-04T15:36:00.000Z","https://x.com/orfonline/status/2007838430684700953","2","0","0","240","2","2026-09-29T07:12:58.775Z","true"
"2026-01-04T15:32:00.000Z","https://x.com/orfonline/status/2007837423909392499","1","0","0","444","1","2026-09-29T07:12:58.775Z","true"
"2026-01-04T15:20:00.000Z","https://x.com/orfonline/status/2007834403817353359","0","0","0","235","0","2026-09-29T07:12:58.775Z","true"
"2026-01-04T15:15:00.000Z","https://x.com/orfonline/status/2007833145941320140","0","0","0","213","0","2026-09-29T07:13:00.095Z","true"
"2026-01-04T15:05:00.000Z","https://x.com/orfonline/status/2007830629396914658","0","0","0","215","0","2026-09-29T07:13:00.095Z","true"
"2026-01-04T14:50:00.000Z","https://x.com/orfonline/status/2007826854430773557","0","0","0","228","0","2026-09-29T07:13:01.413Z","true"
"2026-01-04T14:44:00.000Z","https://x.com/orfonline/status/2007825344112570801","0","1","0","361","1","2026-09-29T07:13:01.413Z","true"
"2026-01-04T14:35:00.000Z","https://x.com/orfonline/status/2007823079326773250","0","0","0","247","0","2026-09-29T07:13:02.739Z","true"
"2026-01-04T14:20:00.000Z","https://x.com/orfonline/status/2007819304650305686","0","0","0","234","0","2026-09-29T07:13:02.739Z","true"
"2026-01-04T14:15:00.000Z","https://x.com/orfonline/status/2007818046535033060","1","0","0","244","1","2026-09-29T07:13:04.069Z","true"
"2026-01-04T14:10:00.000Z","https://x.com/orfonline/status/2007816788646457560","0","0","0","252","0","2026-09-29T07:13:04.069Z","true"
"2026-01-04T13:50:00.000Z","https://x.com/orfonline/status/2007811754865406368","0","0","0","197","0","2026-09-29T07:13:05.386Z","true"
"2026-01-04T13:44:00.000Z","https://x.com/orfonline/status/2007810244886540434","0","0","0","205","0","2026-09-29T07:13:05.386Z","true"
"2026-01-04T13:15:00.000Z","https://x.com/orfonline/status/2007802946965078334","0","0","0","238","0","2026-09-29T07:13:05.387Z","true"
"2026-01-04T13:10:00.000Z","https://x.com/orfonline/status/2007801688552247779","0","0","0","200","0","2026-09-29T07:13:06.715Z","true"
"2026-01-04T13:05:00.000Z","https://x.com/orfonline/status/2007800430848282982","1","0","0","233","1","2026-09-29T07:13:06.715Z","true"
"2026-01-04T13:00:02.000Z","https://x.com/orfonline/status/2007799180111266012","1","0","0","209","1","2026-09-29T07:13:06.715Z","true"
"2026-01-04T12:44:00.000Z","https://x.com/orfonline/status/2007795145245089868","2","0","0","1041","2","2026-09-29T07:13:08.043Z","true"
"2026-01-04T12:40:00.000Z","https://x.com/orfonline/status/2007794138482409778","0","0","0","247","0","2026-09-29T07:13:08.043Z","true"
"2026-01-04T12:35:00.000Z","https://x.com/orfonline/status/2007792880396775734","0","0","0","322","0","2026-09-29T07:13:08.043Z","true"
"2026-01-04T12:30:00.000Z","https://x.com/orfonline/status/2007791622470381689","0","0","0","438","0","2026-09-29T07:13:10.558Z","true"
"2026-01-04T12:13:00.000Z","https://x.com/orfonline/status/2007787343537922490","1","0","0","246","1","2026-09-29T07:13:10.558Z","true"
"2026-01-04T12:05:00.000Z","https://x.com/orfonline/status/2007785330838245736","2","1","0","231","3","2026-09-29T07:13:11.883Z","true"
"2026-01-04T11:50:00.000Z","https://x.com/orfonline/status/2007781555293585504","1","1","0","241","2","2026-09-29T07:13:11.883Z","true"
"2026-01-04T11:40:00.000Z","https://x.com/orfonline/status/2007779039139037186","0","0","0","259","0","2026-09-29T07:13:11.883Z","true"
"2026-01-04T11:35:00.000Z","https://x.com/orfonline/status/2007777780684173428","0","0","0","270","0","2026-09-29T07:13:13.198Z","true"
"2026-01-04T11:30:00.000Z","https://x.com/orfonline/status/2007776523273859529","0","0","0","358","0","2026-09-29T07:13:13.198Z","true"
"2026-01-04T11:20:00.000Z","https://x.com/orfonline/status/2007774005558669435","0","0","0","237","0","2026-09-29T07:13:13.198Z","true"
"2026-01-04T11:10:00.000Z","https://x.com/orfonline/status/2007771489429602744","0","0","0","269","0","2026-09-29T07:13:14.514Z","true"
"2026-01-04T10:59:00.000Z","https://x.com/orfonline/status/2007768720744071662","1","0","0","250","1","2026-09-29T07:13:14.514Z","true"
"2026-01-04T10:52:00.000Z","https://x.com/orfonline/status/2007766959165734950","0","0","0","231","0","2026-09-29T07:13:15.840Z","true"
"2026-01-04T10:40:00.000Z","https://x.com/orfonline/status/2007763939438801259","0","0","0","223","0","2026-09-29T07:13:15.840Z","true"
"2026-01-04T10:35:00.000Z","https://x.com/orfonline/status/2007762681013363174","0","0","0","245","0","2026-09-29T07:13:17.167Z","true"
"2026-01-04T10:20:00.000Z","https://x.com/orfonline/status/2007758906299490318","0","0","0","220","0","2026-09-29T07:13:17.167Z","true"
"2026-01-04T10:15:00.000Z","https://x.com/orfonline/status/2007757647999864972","0","0","0","187","0","2026-09-29T07:13:18.492Z","true"
"2026-01-04T09:55:00.000Z","https://x.com/orfonline/status/2007752614964846935","0","0","0","207","0","2026-09-29T07:13:18.492Z","true"
"2026-01-04T09:44:00.000Z","https://x.com/orfonline/status/2007749846594376172","0","0","0","213","0","2026-09-29T07:13:18.493Z","true"
"2026-01-04T09:42:00.000Z","https://x.com/orfonline/status/2007749344041328899","0","0","0","210","0","2026-09-29T07:13:19.806Z","true"
"2026-01-04T09:33:00.000Z","https://x.com/orfonline/status/2007747078399934537","1","0","0","424","1","2026-09-29T07:13:19.806Z","true"
"2026-01-04T09:30:30.000Z","https://x.com/orfonline/status/2007746448855892332","1","0","0","355","1","2026-09-29T07:13:22.336Z","true"
"2026-01-04T09:20:00.000Z","https://x.com/orfonline/status/2007743806633017384","0","0","0","231","0","2026-09-29T07:13:22.336Z","true"
"2026-01-04T09:15:00.000Z","https://x.com/orfonline/status/2007742548429996440","0","0","0","213","0","2026-09-29T07:13:23.675Z","true"
"2026-01-04T09:10:00.000Z","https://x.com/orfonline/status/2007741290017136732","0","0","0","202","0","2026-09-29T07:13:23.675Z","true"
"2026-01-04T09:05:00.000Z","https://x.com/orfonline/status/2007740032334102635","0","0","0","278","0","2026-09-29T07:13:25.003Z","true"
"2026-01-04T09:00:00.000Z","https://x.com/orfonline/status/2007738774403645664","0","0","0","198","0","2026-09-29T07:13:25.003Z","true"
"2026-01-04T08:50:00.000Z","https://x.com/orfonline/status/2007736256802029995","0","0","0","238","0","2026-09-29T07:13:25.003Z","true"
"2026-01-04T08:44:00.000Z","https://x.com/orfonline/status/2007734746986799135","0","0","0","240","0","2026-09-29T07:13:26.326Z","true"
"2026-01-04T08:40:00.000Z","https://x.com/orfonline/status/2007733740425122054","0","0","0","234","0","2026-09-29T07:13:26.326Z","true"
"2026-01-04T08:35:00.000Z","https://x.com/orfonline/status/2007732482230165878","0","0","0","190","0","2026-09-29T07:13:27.642Z","true"
"2026-01-04T08:32:00.000Z","https://x.com/orfonline/status/2007731727385448839","0","0","0","412","0","2026-09-29T07:13:27.642Z","true"
"2026-01-04T08:20:00.000Z","https://x.com/orfonline/status/2007728707490722284","0","0","0","278","0","2026-09-29T07:13:28.968Z","true"
"2026-01-04T08:15:00.000Z","https://x.com/orfonline/status/2007727449006899399","0","0","0","188","0","2026-09-29T07:13:28.968Z","true"
"2026-01-04T08:11:00.000Z","https://x.com/orfonline/status/2007726442004853037","1","1","0","224","2","2026-09-29T07:13:28.968Z","true"
"2026-01-04T08:05:00.000Z","https://x.com/orfonline/status/2007724932378308879","0","0","0","271","0","2026-09-29T07:13:30.296Z","true"
"2026-01-04T08:00:30.000Z","https://x.com/orfonline/status/2007723802206298536","2","2","0","222","4","2026-09-29T07:13:30.296Z","true"
"2026-01-04T07:50:00.000Z","https://x.com/orfonline/status/2007721157538050423","0","0","0","196","0","2026-09-29T07:13:31.626Z","true"
"2026-01-04T07:45:00.000Z","https://x.com/orfonline/status/2007719899272258023","0","0","0","209","0","2026-09-29T07:13:31.626Z","true"
"2026-01-04T07:41:00.000Z","https://x.com/orfonline/status/2007718892412768586","0","0","0","187","0","2026-09-29T07:13:31.626Z","true"
"2026-01-04T07:30:00.000Z","https://x.com/orfonline/status/2007716124427702296","0","0","0","333","0","2026-09-29T07:13:32.941Z","true"
"2026-01-04T07:15:00.000Z","https://x.com/orfonline/status/2007712349306978668","0","0","0","213","0","2026-09-29T07:13:32.941Z","true"
"2026-01-04T07:10:00.000Z","https://x.com/orfonline/status/2007711091137392902","0","0","0","180","0","2026-09-29T07:13:35.466Z","true"
"2026-01-04T07:05:00.000Z","https://x.com/orfonline/status/2007709832837808274","1","0","1","194","2","2026-09-29T07:13:35.466Z","true"
"2026-01-04T07:00:00.000Z","https://x.com/orfonline/status/2007708576568037867","0","0","0","182","0","2026-09-29T07:13:35.466Z","true"
"2026-01-04T06:50:00.000Z","https://x.com/orfonline/status/2007706058156912958","0","0","0","209","0","2026-09-29T07:13:36.782Z","true"
"2026-01-04T06:45:00.000Z","https://x.com/orfonline/status/2007704799827898848","1","0","1","632","2","2026-09-29T07:13:36.782Z","true"
"2026-01-04T06:40:00.000Z","https://x.com/orfonline/status/2007703541377327383","1","1","0","211","2","2026-09-29T07:13:38.108Z","true"
"2026-01-04T06:35:00.000Z","https://x.com/orfonline/status/2007702283031646546","1","0","0","203","1","2026-09-29T07:13:38.108Z","true"
"2026-01-04T06:30:00.000Z","https://x.com/orfonline/status/2007701024820052163","1","0","0","232","1","2026-09-29T07:13:38.108Z","true"
"2026-01-04T06:20:00.000Z","https://x.com/orfonline/status/2007698508250284529","0","0","0","202","0","2026-09-29T07:13:39.440Z","true"
"2026-01-04T06:15:00.000Z","https://x.com/orfonline/status/2007697249954906349","0","0","0","201","0","2026-09-29T07:13:39.440Z","true"
"2026-01-04T06:10:00.000Z","https://x.com/orfonline/status/2007695991718457624","0","0","1","224","1","2026-09-29T07:13:40.765Z","true"
"2026-01-04T06:05:00.000Z","https://x.com/orfonline/status/2007694733485727843","0","1","0","193","1","2026-09-29T07:13:40.765Z","true"
"2026-01-04T06:00:00.000Z","https://x.com/orfonline/status/2007693475966222517","0","0","0","182","0","2026-09-29T07:13:42.089Z","true"
"2026-01-04T05:50:00.000Z","https://x.com/orfonline/status/2007690958347878659","0","0","0","163","0","2026-09-29T07:13:42.089Z","true"
"2026-01-04T05:45:00.000Z","https://x.com/orfonline/status/2007689700052697132","0","0","0","161","0","2026-09-29T07:13:43.417Z","true"
"2026-01-04T05:40:00.000Z","https://x.com/orfonline/status/2007688441970995596","0","0","0","179","0","2026-09-29T07:13:43.417Z","true"
"2026-01-04T05:30:00.000Z","https://x.com/orfonline/status/2007685925392781768","0","0","0","169","0","2026-09-29T07:13:43.417Z","true"
"2026-01-04T05:20:00.000Z","https://x.com/orfonline/status/2007683408785453201","0","0","0","207","0","2026-09-29T07:13:44.742Z","true"
"2026-01-04T05:15:00.000Z","https://x.com/orfonline/status/2007682150385234250","0","0","0","221","0","2026-09-29T07:13:44.742Z","true"
"2026-01-04T05:10:00.000Z","https://x.com/orfonline/status/2007680892056285452","0","0","1","234","1","2026-09-29T07:13:47.258Z","true"
"2026-01-04T05:05:00.000Z","https://x.com/orfonline/status/2007679634205508079","0","0","0","210","0","2026-09-29T07:13:47.258Z","true"
"2026-01-04T05:00:00.000Z","https://x.com/orfonline/status/2007678376849674486","0","0","0","216","0","2026-09-29T07:13:48.571Z","true"
"2026-01-04T04:55:00.000Z","https://x.com/orfonline/status/2007677117161410570","3","0","0","228","3","2026-09-29T07:13:48.571Z","true"
"2026-01-04T04:50:00.000Z","https://x.com/orfonline/status/2007675859046723786","0","0","0","207","0","2026-09-29T07:13:48.571Z","true"
"2026-01-04T04:45:00.000Z","https://x.com/orfonline/status/2007674600864526695","0","0","0","230","0","2026-09-29T07:13:49.898Z","true"
"2026-01-04T04:40:00.000Z","https://x.com/orfonline/status/2007673342283645006","0","0","0","217","0","2026-09-29T07:13:49.898Z","true"
"2026-01-04T04:30:00.000Z","https://x.com/orfonline/status/2007670826343248228","1","0","0","215","1","2026-09-29T07:13:51.224Z","true"
"2026-01-04T04:20:00.000Z","https://x.com/orfonline/status/2007668309399904692","0","0","1","242","1","2026-09-29T07:13:51.224Z","true"
"2026-01-04T04:15:00.000Z","https://x.com/orfonline/status/2007667050953523646","0","0","0","237","0","2026-09-29T07:13:51.224Z","true"
"2026-01-04T04:10:00.000Z","https://x.com/orfonline/status/2007665792457027717","0","0","0","251","0","2026-09-29T07:13:52.548Z","true"
"2026-01-04T04:05:00.000Z","https://x.com/orfonline/status/2007664534517882962","0","0","0","264","0","2026-09-29T07:13:52.548Z","true"
"2026-01-04T04:00:01.000Z","https://x.com/orfonline/status/2007663279917928662","1","0","0","225","1","2026-09-29T07:13:53.875Z","true"
"2026-01-04T03:55:00.000Z","https://x.com/orfonline/status/2007662017730269353","0","0","0","271","0","2026-09-29T07:13:53.875Z","true"
"2026-01-04T03:50:00.000Z","https://x.com/orfonline/status/2007660759304810618","0","0","0","236","0","2026-09-29T07:13:53.875Z","true"
"2026-01-04T03:45:00.000Z","https://x.com/orfonline/status/2007659501185577023","0","0","0","304","0","2026-09-29T07:13:55.193Z","true"
"2026-01-04T03:40:00.000Z","https://x.com/orfonline/status/2007658242865017040","0","0","0","217","0","2026-09-29T07:13:55.193Z","true"
"2026-01-04T03:30:00.000Z","https://x.com/orfonline/status/2007655726286561615","0","0","0","214","0","2026-09-29T07:13:56.516Z","true"
"2026-01-04T03:20:00.000Z","https://x.com/orfonline/status/2007653209670857073","0","0","0","260","0","2026-09-29T07:13:56.516Z","true"
"2026-01-04T03:15:00.000Z","https://x.com/orfonline/status/2007651951622619282","1","0","1","241","2","2026-09-29T07:13:59.038Z","true"
"2026-01-04T03:10:00.000Z","https://x.com/orfonline/status/2007650693323309463","0","0","0","223","0","2026-09-29T07:13:59.038Z","true"
"2026-01-04T03:05:00.000Z","https://x.com/orfonline/status/2007649435359306156","0","0","0","227","0","2026-09-29T07:13:59.038Z","true"
"2026-01-04T03:00:01.000Z","https://x.com/orfonline/status/2007648181337702550","1","1","0","245","2","2026-09-29T07:14:01.556Z","true"
"2026-01-04T02:55:00.000Z","https://x.com/orfonline/status/2007646918399463825","0","1","0","258","1","2026-09-29T07:14:01.556Z","true"
"2026-01-04T02:50:30.000Z","https://x.com/orfonline/status/2007645785782170022","1","0","0","219","1","2026-09-29T07:14:02.883Z","true"
"2026-01-04T02:45:00.000Z","https://x.com/orfonline/status/2007644401716101237","0","0","0","183","0","2026-09-29T07:14:02.883Z","true"
"2026-01-04T02:40:00.000Z","https://x.com/orfonline/status/2007643143295119830","0","0","0","183","0","2026-09-29T07:14:02.883Z","true"
"2026-01-04T02:30:00.000Z","https://x.com/orfonline/status/2007640627731701771","1","0","0","205","1","2026-09-29T07:14:04.208Z","true"
"2026-01-04T02:20:00.000Z","https://x.com/orfonline/status/2007638110302060621","0","1","0","206","1","2026-09-29T07:14:04.208Z","true"
"2026-01-04T02:10:00.000Z","https://x.com/orfonline/status/2007635593786786004","1","0","0","256","1","2026-09-29T07:14:05.533Z","true"
"2026-01-04T02:00:00.000Z","https://x.com/orfonline/status/2007633078626537792","0","0","0","202","0","2026-09-29T07:14:05.533Z","true"
"2026-01-04T01:50:00.000Z","https://x.com/orfonline/status/2007630560311816286","0","0","0","218","0","2026-09-29T07:14:06.859Z","true"
"2026-01-04T01:40:00.000Z","https://x.com/orfonline/status/2007628043842674938","1","1","0","236","2","2026-09-29T07:14:06.859Z","true"
"2026-01-04T01:30:00.000Z","https://x.com/orfonline/status/2007625527373570158","1","0","0","216","1","2026-09-29T07:14:08.186Z","true"
"2026-01-04T01:20:00.000Z","https://x.com/orfonline/status/2007623010887381128","0","0","0","326","0","2026-09-29T07:14:08.186Z","true"
"2026-01-04T01:10:30.000Z","https://x.com/orfonline/status/2007620620029411791","0","1","0","222","1","2026-09-29T07:14:08.186Z","true"
"2026-01-04T01:00:30.000Z","https://x.com/orfonline/status/2007618106165023230","0","0","0","261","0","2026-09-29T07:14:09.515Z","true"
"2026-01-04T00:50:00.000Z","https://x.com/orfonline/status/2007615460896886861","1","0","0","251","1","2026-09-29T07:14:09.515Z","true"
"2026-01-04T00:40:00.000Z","https://x.com/orfonline/status/2007612944310280522","1","1","0","269","2","2026-09-29T07:14:09.515Z","true"
"2026-01-04T00:30:00.000Z","https://x.com/orfonline/status/2007610428059431167","1","1","0","234","2","2026-09-29T07:14:10.839Z","true"
"2026-01-04T00:20:00.000Z","https://x.com/orfonline/status/2007607911095075113","0","0","0","239","0","2026-09-29T07:14:10.839Z","true"
"2026-01-04T00:10:00.000Z","https://x.com/orfonline/status/2007605394601062538","1","0","0","206","1","2026-09-29T07:14:13.367Z","true"
"2026-01-04T00:00:01.000Z","https://x.com/orfonline/status/2007602881344720919","1","0","0","162","1","2026-09-29T07:14:13.367Z","true"
"2026-01-03T23:50:00.000Z","https://x.com/orfonline/status/2007600361620820128","0","0","0","293","0","2026-09-29T07:14:14.695Z","true"
"2026-01-03T23:40:30.000Z","https://x.com/orfonline/status/2007597970557145241","1","0","0","201","1","2026-09-29T07:14:14.695Z","true"
"2026-01-03T23:30:30.000Z","https://x.com/orfonline/status/2007595454805225542","0","0","0","258","0","2026-09-29T07:14:16.019Z","true"
"2026-01-03T23:20:00.000Z","https://x.com/orfonline/status/2007592812406288596","0","0","0","227","0","2026-09-29T07:14:16.019Z","true"
"2026-01-03T23:10:00.000Z","https://x.com/orfonline/status/2007590295249277215","0","0","0","195","0","2026-09-29T07:14:16.019Z","true"
"2026-01-03T23:00:00.000Z","https://x.com/orfonline/status/2007587780411699611","0","0","0","174","0","2026-09-29T07:14:17.344Z","true"
"2026-01-03T22:50:00.000Z","https://x.com/orfonline/status/2007585261929001108","1","0","0","161","1","2026-09-29T07:14:17.344Z","true"
"2026-01-03T22:40:00.000Z","https://x.com/orfonline/status/2007582745296572597","0","0","0","198","0","2026-09-29T07:14:17.344Z","true"
"2026-01-03T22:30:00.000Z","https://x.com/orfonline/status/2007580228952944940","1","0","0","158","1","2026-09-29T07:14:17.344Z","true"
"2026-01-03T22:20:00.000Z","https://x.com/orfonline/status/2007577712156909624","0","0","0","160","0","2026-09-29T07:14:17.344Z","true"
"2026-01-03T22:10:00.000Z","https://x.com/orfonline/status/2007575195788165403","0","0","0","167","0","2026-09-29T07:14:17.344Z","true"
"2026-01-03T22:00:01.000Z","https://x.com/orfonline/status/2007572684050211132","0","0","0","174","0","2026-09-29T07:14:17.344Z","true"
"2026-01-03T21:50:00.000Z","https://x.com/orfonline/status/2007570162677862726","0","0","0","175","0","2026-09-29T07:14:17.344Z","true"
"2026-01-03T21:40:00.000Z","https://x.com/orfonline/status/2007567646108332505","0","0","0","203","0","2026-09-29T07:14:17.344Z","true"
"2026-01-03T21:30:00.000Z","https://x.com/orfonline/status/2007565130142187527","1","0","0","164","1","2026-09-29T07:14:17.344Z","true"
"2026-01-03T21:20:00.000Z","https://x.com/orfonline/status/2007562612704252214","0","0","0","169","0","2026-09-29T07:14:17.344Z","true"
"2026-01-03T21:10:00.000Z","https://x.com/orfonline/status/2007560096197521748","1","0","0","241","1","2026-09-29T07:14:17.344Z","true"
"2026-01-03T21:00:01.000Z","https://x.com/orfonline/status/2007557582974558713","0","0","0","178","0","2026-09-29T07:14:17.344Z","true"
"2026-01-03T20:50:30.000Z","https://x.com/orfonline/status/2007555188719308963","1","0","0","193","1","2026-09-29T07:14:17.344Z","true"
"2026-01-03T20:40:00.000Z","https://x.com/orfonline/status/2007552546278387746","1","0","0","247","1","2026-09-29T07:14:17.344Z","true"
"2026-01-03T20:30:00.000Z","https://x.com/orfonline/status/2007550030106779727","1","0","0","196","1","2026-09-29T07:14:17.344Z","true"
"2026-01-03T20:20:00.000Z","https://x.com/orfonline/status/2007547513335926905","2","1","0","219","3","2026-09-29T07:14:17.344Z","true"
"2026-01-03T20:10:00.000Z","https://x.com/orfonline/status/2007544996724126033","0","0","0","212","0","2026-09-29T07:14:17.344Z","true"
"2026-01-03T20:00:00.000Z","https://x.com/orfonline/status/2007542481169055985","0","0","0","221","0","2026-09-29T07:14:17.344Z","true"
"2026-01-03T19:50:00.000Z","https://x.com/orfonline/status/2007539963567673689","1","0","1","249","2","2026-09-29T07:14:17.344Z","true"
"2026-01-03T19:40:00.000Z","https://x.com/orfonline/status/2007537447069200566","1","0","0","264","1","2026-09-29T07:14:17.344Z","true"
"2026-01-03T19:30:00.000Z","https://x.com/orfonline/status/2007534931182846446","0","0","0","264","0","2026-09-29T07:14:17.344Z","true"
"2026-01-03T19:20:00.000Z","https://x.com/orfonline/status/2007532413875040329","1","1","0","258","2","2026-09-29T07:14:17.344Z","true"
"2026-01-03T19:10:00.000Z","https://x.com/orfonline/status/2007529897233920403","0","0","0","230","0","2026-09-29T07:14:17.344Z","true"
"2026-01-03T19:00:00.000Z","https://x.com/orfonline/status/2007527383189062040","0","0","0","308","0","2026-09-29T07:14:17.344Z","true"
"2026-01-03T18:50:00.000Z","https://x.com/orfonline/status/2007524864123601385","0","0","0","258","0","2026-09-29T07:14:17.344Z","true"
"2026-01-03T18:40:00.000Z","https://x.com/orfonline/status/2007522347759312908","1","0","0","247","1","2026-09-29T07:14:17.344Z","true"
"2026-01-03T18:30:00.000Z","https://x.com/orfonline/status/2007519831575187620","0","0","0","256","0","2026-09-29T07:14:17.344Z","true"
"2026-01-03T18:30:00.000Z","https://x.com/orfonline/status/2007519830702993484","1","0","0","257","1","2026-09-29T07:14:17.344Z","true"
"2026-01-03T18:20:00.000Z","https://x.com/orfonline/status/2007517314921463990","0","0","0","248","0","2026-09-29T07:14:17.344Z","true"
"2026-01-03T18:15:00.000Z","https://x.com/orfonline/status/2007516056177553915","0","0","0","290","0","2026-09-29T07:14:17.345Z","true"
"2026-01-03T18:11:00.000Z","https://x.com/orfonline/status/2007515049276121563","3","1","0","287","4","2026-09-29T07:14:17.345Z","true"
"2026-01-03T18:05:00.000Z","https://x.com/orfonline/status/2007513540370845852","0","0","1","261","1","2026-09-29T07:10:12.144Z","true"
"2026-01-03T18:00:00.000Z","https://x.com/orfonline/status/2007512282520252897","2","1","0","247","3","2026-09-29T07:10:13.468Z","true"
"2026-01-03T17:53:00.000Z","https://x.com/orfonline/status/2007510519603957912","0","0","0","272","0","2026-09-29T07:10:13.468Z","true"
"2026-01-03T17:45:00.000Z","https://x.com/orfonline/status/2007508506258325774","1","1","0","250","2","2026-09-29T07:10:13.468Z","true"
"2026-01-03T17:30:00.000Z","https://x.com/orfonline/status/2007504731737075727","0","0","0","391","0","2026-09-29T07:10:14.784Z","true"
"2026-01-03T17:15:00.000Z","https://x.com/orfonline/status/2007500958775885914","1","0","0","228","1","2026-09-29T07:10:14.784Z","true"
"2026-01-03T17:04:00.000Z","https://x.com/orfonline/status/2007498189247766548","0","0","0","268","0","2026-09-29T07:10:14.784Z","true"
"2026-01-03T17:01:00.000Z","https://x.com/orfonline/status/2007497435405238306","2","0","0","285","2","2026-09-29T07:10:16.113Z","true"
"2026-01-03T16:45:00.000Z","https://x.com/orfonline/status/2007493407221133622","0","0","0","224","0","2026-09-29T07:10:16.113Z","true"
"2026-01-03T16:30:00.000Z","https://x.com/orfonline/status/2007489633178079440","0","0","0","415","0","2026-09-29T07:10:17.444Z","true"
"2026-01-03T16:20:00.000Z","https://x.com/orfonline/status/2007487115710607754","0","0","0","245","0","2026-09-29T07:10:17.444Z","true"
"2026-01-03T16:15:00.000Z","https://x.com/orfonline/status/2007485857494876571","0","0","1","252","1","2026-09-29T07:10:17.444Z","true"
"2026-01-03T16:10:00.000Z","https://x.com/orfonline/status/2007484600461750367","1","0","0","244","1","2026-09-29T07:10:19.963Z","true"
"2026-01-03T15:45:00.000Z","https://x.com/orfonline/status/2007478308837916789","0","0","0","279","0","2026-09-29T07:10:19.963Z","true"
"2026-01-03T15:15:00.000Z","https://x.com/orfonline/status/2007470759195599158","0","0","0","255","0","2026-09-29T07:10:19.963Z","true"
"2026-01-03T15:10:00.000Z","https://x.com/orfonline/status/2007469499713548721","0","1","0","248","1","2026-09-29T07:10:21.294Z","true"
"2026-01-03T15:05:00.000Z","https://x.com/orfonline/status/2007468242181492989","0","0","0","228","0","2026-09-29T07:10:21.294Z","true"
"2026-01-03T14:50:00.000Z","https://x.com/orfonline/status/2007464468142243929","2","0","0","287","2","2026-09-29T07:10:22.622Z","true"
"2026-01-03T14:49:00.000Z","https://x.com/orfonline/status/2007464216643465490","0","0","0","280","0","2026-09-29T07:10:22.622Z","true"
"2026-01-03T14:45:00.000Z","https://x.com/orfonline/status/2007463207984943489","0","0","0","232","0","2026-09-29T07:10:23.945Z","true"
"2026-01-03T14:40:00.000Z","https://x.com/orfonline/status/2007461950209634768","0","0","0","259","0","2026-09-29T07:10:23.945Z","true"
"2026-01-03T14:35:00.000Z","https://x.com/orfonline/status/2007460692073533565","0","0","0","229","0","2026-09-29T07:10:25.270Z","true"
"2026-01-03T14:19:00.000Z","https://x.com/orfonline/status/2007456666619388035","0","0","0","229","0","2026-09-29T07:10:25.270Z","true"
"2026-01-03T14:15:00.000Z","https://x.com/orfonline/status/2007455658833309938","0","0","0","244","0","2026-09-29T07:10:25.270Z","true"
"2026-01-03T14:10:00.000Z","https://x.com/orfonline/status/2007454401577861126","1","1","0","269","2","2026-09-29T07:10:26.595Z","true"
"2026-01-03T14:00:00.000Z","https://x.com/orfonline/status/2007451885154836934","0","0","0","219","0","2026-09-29T07:10:26.595Z","true"
"2026-01-03T13:55:00.000Z","https://x.com/orfonline/status/2007450627220131911","2","2","0","494","4","2026-09-29T07:10:27.913Z","true"
"2026-01-03T13:50:00.000Z","https://x.com/orfonline/status/2007449368652038365","1","0","0","196","1","2026-09-29T07:10:29.239Z","true"
"2026-01-03T13:45:30.000Z","https://x.com/orfonline/status/2007448234554441743","2","2","0","232","4","2026-09-29T07:10:29.239Z","true"
"2026-01-03T13:35:30.000Z","https://x.com/orfonline/status/2007445718160814466","0","0","0","235","0","2026-09-29T07:10:29.239Z","true"
"2026-01-03T13:20:00.000Z","https://x.com/orfonline/status/2007441818451910786","0","0","1","288","1","2026-09-29T07:10:30.562Z","true"
"2026-01-03T13:15:00.000Z","https://x.com/orfonline/status/2007440559489659184","0","0","0","219","0","2026-09-29T07:10:30.562Z","true"
"2026-01-03T13:10:00.000Z","https://x.com/orfonline/status/2007439302020485310","0","0","0","260","0","2026-09-29T07:10:33.087Z","true"
"2026-01-03T13:05:00.000Z","https://x.com/orfonline/status/2007438043905507558","0","0","0","254","0","2026-09-29T07:10:33.087Z","true"
"2026-01-03T13:00:01.000Z","https://x.com/orfonline/status/2007436789800415250","0","0","0","197","0","2026-09-29T07:10:34.413Z","true"
"2026-01-03T12:50:00.000Z","https://x.com/orfonline/status/2007434267345990056","0","0","0","200","0","2026-09-29T07:10:34.413Z","true"
"2026-01-03T12:30:00.000Z","https://x.com/orfonline/status/2007429234952909006","0","0","0","463","0","2026-09-29T07:10:35.741Z","true"
"2026-01-03T12:20:00.000Z","https://x.com/orfonline/status/2007426717376504070","0","0","0","188","0","2026-09-29T07:10:35.741Z","true"
"2026-01-03T12:15:00.000Z","https://x.com/orfonline/status/2007425460276281449","2","0","0","232","2","2026-09-29T07:10:35.741Z","true"
"2026-01-03T12:10:00.000Z","https://x.com/orfonline/status/2007424201234280477","1","0","0","236","1","2026-09-29T07:10:37.064Z","true"
"2026-01-03T12:05:00.000Z","https://x.com/orfonline/status/2007422943492772070","1","0","0","271","1","2026-09-29T07:10:37.064Z","true"
"2026-01-03T12:00:02.000Z","https://x.com/orfonline/status/2007421691924774935","0","0","0","208","0","2026-09-29T07:10:38.384Z","true"
"2026-01-03T11:52:00.000Z","https://x.com/orfonline/status/2007419671440699444","0","0","0","251","0","2026-09-29T07:10:38.384Z","true"
"2026-01-03T11:45:00.000Z","https://x.com/orfonline/status/2007417909585305934","0","0","0","204","0","2026-09-29T07:10:39.715Z","true"
"2026-01-03T11:35:00.000Z","https://x.com/orfonline/status/2007415393351258283","2","1","0","243","3","2026-09-29T07:10:39.715Z","true"
"2026-01-03T11:30:00.000Z","https://x.com/orfonline/status/2007414136964288648","0","0","0","365","0","2026-09-29T07:10:39.715Z","true"
"2026-01-03T11:20:00.000Z","https://x.com/orfonline/status/2007411618360242547","0","0","0","233","0","2026-09-29T07:10:41.033Z","true"
"2026-01-03T11:15:00.000Z","https://x.com/orfonline/status/2007410359544783088","0","0","0","239","0","2026-09-29T07:10:41.033Z","true"
"2026-01-03T11:05:00.000Z","https://x.com/orfonline/status/2007407843775754733","1","1","0","230","2","2026-09-29T07:10:42.362Z","true"
"2026-01-03T11:00:03.000Z","https://x.com/orfonline/status/2007406596549165502","0","0","0","310","0","2026-09-29T07:10:42.362Z","true"
"2026-01-03T10:56:00.000Z","https://x.com/orfonline/status/2007405578637684988","0","0","0","327","0","2026-09-29T07:10:44.884Z","true"
"2026-01-03T10:51:00.000Z","https://x.com/orfonline/status/2007404319843250687","0","0","0","34","0","2026-09-29T07:10:44.884Z","true"
"2026-01-03T10:45:00.000Z","https://x.com/orfonline/status/2007402810120294483","1","0","0","231","1","2026-09-29T07:10:46.208Z","true"
"2026-01-03T10:36:00.000Z","https://x.com/orfonline/status/2007400545120645333","0","0","0","222","0","2026-09-29T07:10:46.208Z","true"
"2026-01-03T10:30:00.000Z","https://x.com/orfonline/status/2007399037419327837","2","0","0","393","2","2026-09-29T07:10:47.534Z","true"
"2026-01-03T10:20:30.000Z","https://x.com/orfonline/status/2007396644510450059","0","0","0","218","0","2026-09-29T07:10:47.534Z","true"
"2026-01-03T10:15:00.000Z","https://x.com/orfonline/status/2007395260926673272","0","0","0","229","0","2026-09-29T07:10:47.534Z","true"
"2026-01-03T10:10:00.000Z","https://x.com/orfonline/status/2007394002010849646","0","0","1","206","1","2026-09-29T07:10:48.859Z","true"
"2026-01-03T10:05:30.000Z","https://x.com/orfonline/status/2007392869833986502","0","0","1","237","1","2026-09-29T07:10:48.859Z","true"
"2026-01-03T10:00:00.000Z","https://x.com/orfonline/status/2007391488066412797","0","0","0","225","0","2026-09-29T07:10:50.186Z","true"
"2026-01-03T09:49:00.000Z","https://x.com/orfonline/status/2007388717145559051","0","0","0","235","0","2026-09-29T07:10:50.186Z","true"
"2026-01-03T09:45:00.000Z","https://x.com/orfonline/status/2007387710433177866","1","0","0","270","1","2026-09-29T07:10:50.186Z","true"
"2026-01-03T09:40:00.000Z","https://x.com/orfonline/status/2007386452326527453","1","1","0","221","2","2026-09-29T07:10:51.514Z","true"
"2026-01-03T09:35:00.000Z","https://x.com/orfonline/status/2007385193917886833","0","0","0","168","0","2026-09-29T07:10:51.514Z","true"
"2026-01-03T09:30:00.000Z","https://x.com/orfonline/status/2007383936977248327","1","1","0","333","2","2026-09-29T07:10:52.837Z","true"
"2026-01-03T09:15:00.000Z","https://x.com/orfonline/status/2007380160761463183","0","0","0","190","0","2026-09-29T07:10:52.837Z","true"
"2026-01-03T09:10:00.000Z","https://x.com/orfonline/status/2007378902705205610","0","0","0","202","0","2026-09-29T07:10:52.837Z","true"
"2026-01-03T09:05:00.000Z","https://x.com/orfonline/status/2007377644879233245","0","0","0","174","0","2026-09-29T07:10:54.161Z","true"
"2026-01-03T09:00:01.000Z","https://x.com/orfonline/status/2007376391151726606","0","0","0","170","0","2026-09-29T07:10:54.161Z","true"
"2026-01-03T08:50:00.000Z","https://x.com/orfonline/status/2007373870592901321","0","0","0","212","0","2026-09-29T07:10:55.489Z","true"
"2026-01-03T08:45:00.000Z","https://x.com/orfonline/status/2007372611052065177","0","0","0","200","0","2026-09-29T07:10:55.490Z","true"
"2026-01-03T08:40:00.000Z","https://x.com/orfonline/status/2007371352647540989","0","0","0","173","0","2026-09-29T07:10:58.014Z","true"
"2026-01-03T08:35:00.000Z","https://x.com/orfonline/status/2007370094360277360","0","0","0","221","0","2026-09-29T07:10:58.014Z","true"
"2026-01-03T08:30:00.000Z","https://x.com/orfonline/status/2007368837407355335","0","0","0","314","0","2026-09-29T07:10:59.341Z","true"
"2026-01-03T08:20:00.000Z","https://x.com/orfonline/status/2007366319176605907","0","0","0","196","0","2026-09-29T07:10:59.341Z","true"
"2026-01-03T08:15:00.000Z","https://x.com/orfonline/status/2007365061224910989","0","0","0","222","0","2026-09-29T07:10:59.341Z","true"
"2026-01-03T08:10:00.000Z","https://x.com/orfonline/status/2007363802937835653","0","0","0","219","0","2026-09-29T07:11:00.662Z","true"
"2026-01-03T08:00:00.000Z","https://x.com/orfonline/status/2007361286867149205","0","0","0","202","0","2026-09-29T07:11:00.662Z","true"
"2026-01-03T07:50:00.000Z","https://x.com/orfonline/status/2007358769798492273","0","0","0","189","0","2026-09-29T07:11:00.662Z","true"
"2026-01-03T07:45:00.000Z","https://x.com/orfonline/status/2007357511519928466","2","2","0","186","4","2026-09-29T07:11:01.987Z","true"
"2026-01-03T07:40:00.000Z","https://x.com/orfonline/status/2007356252943220740","0","0","0","169","0","2026-09-29T07:11:01.987Z","true"
"2026-01-03T07:35:00.000Z","https://x.com/orfonline/status/2007354994836521255","0","0","0","180","0","2026-09-29T07:11:03.300Z","true"
"2026-01-03T07:30:00.000Z","https://x.com/orfonline/status/2007353737182863500","0","0","0","291","0","2026-09-29T07:11:03.300Z","true"
"2026-01-03T07:20:30.000Z","https://x.com/orfonline/status/2007351345742000402","0","0","0","233","0","2026-09-29T07:11:04.622Z","true"
"2026-01-03T07:15:00.000Z","https://x.com/orfonline/status/2007349961579782216","0","0","0","149","0","2026-09-29T07:11:04.622Z","true"
"2026-01-03T07:10:00.000Z","https://x.com/orfonline/status/2007348703250776242","0","0","0","144","0","2026-09-29T07:11:04.622Z","true"
"2026-01-03T07:05:30.000Z","https://x.com/orfonline/status/2007347571128434724","0","0","0","180","0","2026-09-29T07:11:05.950Z","true"
"2026-01-03T07:00:00.000Z","https://x.com/orfonline/status/2007346187360145872","0","0","0","138","0","2026-09-29T07:11:05.950Z","true"
"2026-01-03T06:55:00.000Z","https://x.com/orfonline/status/2007344928431714550","3","2","0","471","5","2026-09-29T07:11:07.276Z","true"
"2026-01-03T06:50:00.000Z","https://x.com/orfonline/status/2007343670064828452","0","0","0","155","0","2026-09-29T07:11:07.276Z","true"
"2026-01-03T06:45:00.000Z","https://x.com/orfonline/status/2007342411756810400","0","0","0","135","0","2026-09-29T07:11:09.805Z","true"
"2026-01-03T06:40:00.000Z","https://x.com/orfonline/status/2007341153470033976","0","0","0","147","0","2026-09-29T07:11:09.805Z","true"
"2026-01-03T06:35:30.000Z","https://x.com/orfonline/status/2007340021192552690","0","0","0","148","0","2026-09-29T07:11:09.805Z","true"
"2026-01-03T06:30:00.000Z","https://x.com/orfonline/status/2007338637076090988","0","0","0","156","0","2026-09-29T07:11:12.324Z","true"
"2026-01-03T06:20:00.000Z","https://x.com/orfonline/status/2007336120481181856","0","0","0","165","0","2026-09-29T07:11:12.324Z","true"
"2026-01-03T06:15:00.000Z","https://x.com/orfonline/status/2007334861988561235","0","0","0","160","0","2026-09-29T07:11:13.648Z","true"
"2026-01-03T06:10:00.000Z","https://x.com/orfonline/status/2007333603764752512","1","1","0","184","2","2026-09-29T07:11:13.648Z","true"
"2026-01-03T06:05:00.000Z","https://x.com/orfonline/status/2007332346014400762","0","0","0","188","0","2026-09-29T07:11:14.975Z","true"
"2026-01-03T06:00:01.000Z","https://x.com/orfonline/status/2007331091171160467","0","0","0","152","0","2026-09-29T07:11:14.975Z","true"
"2026-01-03T05:55:00.000Z","https://x.com/orfonline/status/2007329828794519835","1","1","0","150","2","2026-09-29T07:11:16.303Z","true"
"2026-01-03T05:50:00.000Z","https://x.com/orfonline/status/2007328570754871723","1","1","0","1459","2","2026-09-29T07:11:16.303Z","true"
"2026-01-03T05:45:00.000Z","https://x.com/orfonline/status/2007327312325554316","0","0","0","191","0","2026-09-29T07:11:16.303Z","true"
"2026-01-03T05:40:00.000Z","https://x.com/orfonline/status/2007326054063485332","1","0","0","178","1","2026-09-29T07:11:17.630Z","true"
"2026-01-03T05:30:00.000Z","https://x.com/orfonline/status/2007323539171426318","0","0","0","158","0","2026-09-29T07:11:17.630Z","true"
"2026-01-03T05:20:30.000Z","https://x.com/orfonline/status/2007321146728042641","4","2","0","490","6","2026-09-29T07:11:18.943Z","true"
"2026-01-03T05:15:00.000Z","https://x.com/orfonline/status/2007319762926178671","1","0","0","201","1","2026-09-29T07:11:18.943Z","true"
"2026-01-03T05:10:00.000Z","https://x.com/orfonline/status/2007318504735740034","1","0","0","222","1","2026-09-29T07:11:20.266Z","true"
"2026-01-03T05:05:00.000Z","https://x.com/orfonline/status/2007317246436168061","1","0","0","213","1","2026-09-29T07:11:20.266Z","true"
"2026-01-03T05:00:00.000Z","https://x.com/orfonline/status/2007315990040691099","0","0","0","188","0","2026-09-29T07:11:21.582Z","true"
"2026-01-03T04:55:30.000Z","https://x.com/orfonline/status/2007314855427297572","0","0","0","215","0","2026-09-29T07:11:21.582Z","true"
"2026-01-03T04:50:30.000Z","https://x.com/orfonline/status/2007313596947320861","0","0","0","237","0","2026-09-29T07:11:21.582Z","true"
"2026-01-03T04:45:00.000Z","https://x.com/orfonline/status/2007312212654739475","0","0","0","193","0","2026-09-29T07:11:24.102Z","true"
"2026-01-03T04:30:00.000Z","https://x.com/orfonline/status/2007308437823410431","0","0","0","173","0","2026-09-29T07:11:24.102Z","true"
"2026-01-03T04:20:00.000Z","https://x.com/orfonline/status/2007305921358377283","0","0","0","210","0","2026-09-29T07:11:25.427Z","true"
"2026-01-03T04:15:00.000Z","https://x.com/orfonline/status/2007304662970777770","0","0","0","183","0","2026-09-29T07:11:25.427Z","true"
"2026-01-03T04:10:00.000Z","https://x.com/orfonline/status/2007303404754722891","0","0","0","197","0","2026-09-29T07:11:26.750Z","true"
"2026-01-03T04:05:00.000Z","https://x.com/orfonline/status/2007302146644201530","0","0","0","169","0","2026-09-29T07:11:26.750Z","true"
"2026-01-03T04:00:00.000Z","https://x.com/orfonline/status/2007300888692711695","0","0","0","155","0","2026-09-29T07:11:26.750Z","true"
"2026-01-03T03:55:00.000Z","https://x.com/orfonline/status/2007299629772111965","1","2","0","248","3","2026-09-29T07:11:28.074Z","true"
"2026-01-03T03:50:00.000Z","https://x.com/orfonline/status/2007298371636130000","0","0","0","204","0","2026-09-29T07:11:28.074Z","true"
"2026-01-03T03:45:00.000Z","https://x.com/orfonline/status/2007297113357471864","1","0","0","237","1","2026-09-29T07:11:29.402Z","true"
"2026-01-03T03:40:00.000Z","https://x.com/orfonline/status/2007295855091449921","0","0","0","211","0","2026-09-29T07:11:29.402Z","true"
"2026-01-03T03:30:00.000Z","https://x.com/orfonline/status/2007293340266512875","0","0","0","179","0","2026-09-29T07:11:30.727Z","true"
"2026-01-03T03:20:00.000Z","https://x.com/orfonline/status/2007290822111453273","0","0","0","181","0","2026-09-29T07:11:30.727Z","true"
"2026-01-03T03:15:00.000Z","https://x.com/orfonline/status/2007289564461969552","1","0","0","173","1","2026-09-29T07:11:32.055Z","true"
"2026-01-03T03:10:00.000Z","https://x.com/orfonline/status/2007288305797505157","1","0","0","197","1","2026-09-29T07:11:32.055Z","true"
"2026-01-03T03:05:00.000Z","https://x.com/orfonline/status/2007287047560765942","1","0","0","148","1","2026-09-29T07:11:32.055Z","true"
"2026-01-03T03:00:02.000Z","https://x.com/orfonline/status/2007285797188448551","0","0","0","195","0","2026-09-29T07:11:33.382Z","true"
"2026-01-03T02:55:00.000Z","https://x.com/orfonline/status/2007284530336391576","0","0","0","202","0","2026-09-29T07:11:33.382Z","true"
"2026-01-03T02:50:00.000Z","https://x.com/orfonline/status/2007283272024502650","2","1","0","185","3","2026-09-29T07:11:35.898Z","true"
"2026-01-03T02:45:30.000Z","https://x.com/orfonline/status/2007282139499475371","0","0","0","188","0","2026-09-29T07:11:35.898Z","true"
"2026-01-03T02:40:00.000Z","https://x.com/orfonline/status/2007280755513139681","0","0","1","190","1","2026-09-29T07:11:38.411Z","true"
"2026-01-03T02:30:00.000Z","https://x.com/orfonline/status/2007278239023071572","0","0","0","187","0","2026-09-29T07:11:38.411Z","true"
"2026-01-03T02:20:00.000Z","https://x.com/orfonline/status/2007275722398937566","0","0","0","163","0","2026-09-29T07:11:38.411Z","true"
"2026-01-03T02:10:00.000Z","https://x.com/orfonline/status/2007273205808214288","0","1","0","218","1","2026-09-29T07:11:39.736Z","true"
"2026-01-03T02:00:01.000Z","https://x.com/orfonline/status/2007270694518960528","0","0","0","249","0","2026-09-29T07:11:39.736Z","true"
"2026-01-03T01:40:00.000Z","https://x.com/orfonline/status/2007265656056541443","0","0","0","231","0","2026-09-29T07:11:39.736Z","true"
"2026-01-03T01:30:00.000Z","https://x.com/orfonline/status/2007263140426461460","0","0","0","249","0","2026-09-29T07:11:39.736Z","true"
"2026-01-03T01:20:00.000Z","https://x.com/orfonline/status/2007260622908543388","0","0","0","194","0","2026-09-29T07:11:39.736Z","true"
"2026-01-03T01:10:00.000Z","https://x.com/orfonline/status/2007258106619715828","0","0","0","219","0","2026-09-29T07:11:39.736Z","true"
"2026-01-03T01:00:01.000Z","https://x.com/orfonline/status/2007255595389157708","0","0","0","187","0","2026-09-29T07:11:39.736Z","true"
"2026-01-03T00:50:00.000Z","https://x.com/orfonline/status/2007253072939209186","0","0","0","196","0","2026-09-29T07:11:39.736Z","true"
"2026-01-03T00:40:30.000Z","https://x.com/orfonline/status/2007250682374697231","0","0","0","237","0","2026-09-29T07:11:39.736Z","true"
"2026-01-03T00:30:00.000Z","https://x.com/orfonline/status/2007248041603166612","0","0","0","170","0","2026-09-29T07:11:39.737Z","true"
"2026-01-03T00:20:00.000Z","https://x.com/orfonline/status/2007245523619819720","0","0","0","170","0","2026-09-29T07:11:39.737Z","true"
"2026-01-03T00:10:00.000Z","https://x.com/orfonline/status/2007243006848663706","1","1","0","192","2","2026-09-29T07:11:39.737Z","true"
"2026-01-03T00:00:00.000Z","https://x.com/orfonline/status/2007240490010456347","0","0","0","167","0","2026-09-29T07:11:39.737Z","true"
"2026-01-02T23:50:00.000Z","https://x.com/orfonline/status/2007237973595582687","0","0","0","186","0","2026-09-29T07:11:39.737Z","true"
"2026-01-02T23:40:00.000Z","https://x.com/orfonline/status/2007235456971542844","0","0","0","278","0","2026-09-29T07:11:39.737Z","true"
"2026-01-02T23:30:00.000Z","https://x.com/orfonline/status/2007232941206712771","0","0","0","172","0","2026-09-29T07:11:39.737Z","true"
"2026-01-02T23:20:00.000Z","https://x.com/orfonline/status/2007230424020365647","0","0","0","196","0","2026-09-29T07:11:39.737Z","true"
"2026-01-02T23:10:00.000Z","https://x.com/orfonline/status/2007227907484332100","0","0","0","217","0","2026-09-29T07:11:39.737Z","true"
"2026-01-02T23:00:00.000Z","https://x.com/orfonline/status/2007225393565032682","0","0","0","151","0","2026-09-29T07:11:39.737Z","true"
"2026-01-02T22:50:00.000Z","https://x.com/orfonline/status/2007222874533183710","0","0","0","167","0","2026-09-29T07:11:39.737Z","true"
"2026-01-02T22:40:30.000Z","https://x.com/orfonline/status/2007220483297816868","0","0","0","150","0","2026-09-29T07:11:39.737Z","true"
"2026-01-02T22:30:00.000Z","https://x.com/orfonline/status/2007217842245062887","0","0","0","158","0","2026-09-29T07:11:39.737Z","true"
"2026-01-02T22:20:00.000Z","https://x.com/orfonline/status/2007215324429451538","0","0","0","159","0","2026-09-29T07:11:39.737Z","true"
"2026-01-02T22:10:00.000Z","https://x.com/orfonline/status/2007212808048464025","0","0","0","195","0","2026-09-29T07:11:39.737Z","true"
"2026-01-02T21:50:00.000Z","https://x.com/orfonline/status/2007207774522847248","1","1","0","206","2","2026-09-29T07:11:39.737Z","true"
"2026-01-02T21:40:00.000Z","https://x.com/orfonline/status/2007205257974297069","0","0","0","213","0","2026-09-29T07:11:39.737Z","true"
"2026-01-02T21:30:00.000Z","https://x.com/orfonline/status/2007202742230757394","0","0","0","192","0","2026-09-29T07:11:39.737Z","true"
"2026-01-02T21:20:00.000Z","https://x.com/orfonline/status/2007200225312858319","0","0","0","164","0","2026-09-29T07:11:39.737Z","true"
"2026-01-02T21:10:00.000Z","https://x.com/orfonline/status/2007197708281622768","0","0","0","167","0","2026-09-29T07:11:39.737Z","true"
"2026-01-02T21:00:01.000Z","https://x.com/orfonline/status/2007195195108962693","0","0","0","235","0","2026-09-29T07:11:39.737Z","true"
"2026-01-02T20:50:00.000Z","https://x.com/orfonline/status/2007192675095658844","0","0","0","156","0","2026-09-29T07:11:39.737Z","true"
"2026-01-02T20:40:00.000Z","https://x.com/orfonline/status/2007190158630592931","0","0","0","163","0","2026-09-29T07:11:39.737Z","true"
"2026-01-02T20:30:00.000Z","https://x.com/orfonline/status/2007187643075879410","0","0","0","172","0","2026-09-28T14:14:29.874Z","true"
"2026-01-02T18:15:00.000Z","https://x.com/orfonline/status/2007153668110295075","0","0","0","160","0","2026-09-29T07:20:51.414Z","true"
"2026-01-02T18:10:00.000Z","https://x.com/orfonline/status/2007152410540622289","2","0","0","200","2","2026-09-29T07:20:52.730Z","true"
"2026-01-02T17:50:00.000Z","https://x.com/orfonline/status/2007147377086316663","0","0","0","235","0","2026-09-29T07:20:52.730Z","true"
"2026-01-02T17:45:00.000Z","https://x.com/orfonline/status/2007146118572847447","1","1","0","208","2","2026-09-29T07:20:52.730Z","true"
"2026-01-02T17:30:00.000Z","https://x.com/orfonline/status/2007142343682482599","0","0","0","304","0","2026-09-29T07:20:54.052Z","true"
"2026-01-02T17:10:00.000Z","https://x.com/orfonline/status/2007137310241108026","0","0","0","231","0","2026-09-29T07:20:54.052Z","true"
"2026-01-02T17:05:00.000Z","https://x.com/orfonline/status/2007136053405061281","1","0","0","171","1","2026-09-29T07:20:55.373Z","true"
"2026-01-02T17:00:02.000Z","https://x.com/orfonline/status/2007134802856816965","0","0","0","170","0","2026-09-29T07:20:55.373Z","true"
"2026-01-02T16:50:00.000Z","https://x.com/orfonline/status/2007132277655110059","0","0","0","191","0","2026-09-29T07:20:56.695Z","true"
"2026-01-02T16:45:00.000Z","https://x.com/orfonline/status/2007131018856423903","0","0","0","246","0","2026-09-29T07:20:56.695Z","true"
"2026-01-02T16:40:00.000Z","https://x.com/orfonline/status/2007129760837906559","0","0","0","184","0","2026-09-29T07:20:56.695Z","true"
"2026-01-02T16:35:00.000Z","https://x.com/orfonline/status/2007128502680817743","0","0","0","221","0","2026-09-29T07:20:58.018Z","true"
"2026-01-02T16:30:00.000Z","https://x.com/orfonline/status/2007127245878640994","0","1","0","408","1","2026-09-29T07:20:58.018Z","true"
"2026-01-02T16:05:00.000Z","https://x.com/orfonline/status/2007120953499603039","2","1","0","226","3","2026-09-29T07:21:00.533Z","true"
"2026-01-02T15:50:00.000Z","https://x.com/orfonline/status/2007117177833631945","1","2","0","230","3","2026-09-29T07:21:00.533Z","true"
"2026-01-02T15:45:00.000Z","https://x.com/orfonline/status/2007115919865295033","1","0","0","221","1","2026-09-29T07:21:00.533Z","true"
"2026-01-02T15:40:00.000Z","https://x.com/orfonline/status/2007114661297279183","0","0","0","200","0","2026-09-29T07:21:03.058Z","true"
"2026-01-02T15:10:00.000Z","https://x.com/orfonline/status/2007107113374425133","1","1","0","353","2","2026-09-29T07:21:03.058Z","true"
"2026-01-02T15:05:00.000Z","https://x.com/orfonline/status/2007105854248554824","0","0","0","224","0","2026-09-29T07:21:04.375Z","true"
"2026-01-02T14:35:00.000Z","https://x.com/orfonline/status/2007098304312545753","1","0","0","243","1","2026-09-29T07:21:04.375Z","true"
"2026-01-02T14:30:00.000Z","https://x.com/orfonline/status/2007097046478573753","0","0","0","323","0","2026-09-29T07:21:04.375Z","true"
"2026-01-02T14:20:00.000Z","https://x.com/orfonline/status/2007094528789094400","2","0","0","224","2","2026-09-29T07:21:05.693Z","true"
"2026-01-02T14:05:00.000Z","https://x.com/orfonline/status/2007090754317881752","2","0","0","216","2","2026-09-29T07:21:05.693Z","true"
"2026-01-02T13:45:00.000Z","https://x.com/orfonline/status/2007085720952095131","2","0","0","197","2","2026-09-29T07:21:07.015Z","true"
"2026-01-02T13:45:00.000Z","https://x.com/orfonline/status/2007085720649769412","1","0","0","199","1","2026-09-29T07:21:07.015Z","true"
"2026-01-02T13:15:00.000Z","https://x.com/orfonline/status/2007078170772549888","1","1","0","191","2","2026-09-29T07:21:08.334Z","true"
"2026-01-02T13:05:00.000Z","https://x.com/orfonline/status/2007075654496571611","0","0","0","205","0","2026-09-29T07:21:08.334Z","true"
"2026-01-02T12:53:00.000Z","https://x.com/orfonline/status/2007072634090279213","0","0","0","221","0","2026-09-29T07:21:09.654Z","true"
"2026-01-02T12:51:00.000Z","https://x.com/orfonline/status/2007072130773750215","1","0","0","193","1","2026-09-29T07:21:09.654Z","true"
"2026-01-02T12:45:00.000Z","https://x.com/orfonline/status/2007070621977457039","2","0","0","205","2","2026-09-29T07:21:09.654Z","true"
"2026-01-02T12:39:00.000Z","https://x.com/orfonline/status/2007069111428211042","0","0","0","200","0","2026-09-29T07:21:10.978Z","true"
"2026-01-02T12:35:00.000Z","https://x.com/orfonline/status/2007068104359371157","0","0","0","181","0","2026-09-29T07:21:10.978Z","true"
"2026-01-02T12:30:00.000Z","https://x.com/orfonline/status/2007066847279988783","2","0","0","190","2","2026-09-29T07:21:12.298Z","true"
"2026-01-02T12:20:00.000Z","https://x.com/orfonline/status/2007064329661890744","1","1","0","188","2","2026-09-29T07:21:12.298Z","true"
"2026-01-02T12:15:00.000Z","https://x.com/orfonline/status/2007063071295209592","1","0","0","180","1","2026-09-29T07:21:14.825Z","true"
"2026-01-02T12:10:00.000Z","https://x.com/orfonline/status/2007061813108609286","1","0","0","202","1","2026-09-29T07:21:14.825Z","true"
"2026-01-02T12:05:00.000Z","https://x.com/orfonline/status/2007060555035820293","1","0","0","191","1","2026-09-29T07:21:16.154Z","true"
"2026-01-02T11:59:30.000Z","https://x.com/orfonline/status/2007059170357612808","1","1","3","223","5","2026-09-29T07:21:16.154Z","true"
"2026-01-02T11:50:00.000Z","https://x.com/orfonline/status/2007056779729842258","1","0","0","195","1","2026-09-29T07:21:17.474Z","true"
"2026-01-02T11:45:00.000Z","https://x.com/orfonline/status/2007055521522794960","1","0","0","215","1","2026-09-29T07:21:17.474Z","true"
"2026-01-02T11:40:00.000Z","https://x.com/orfonline/status/2007054263076491373","1","1","0","201","2","2026-09-29T07:21:17.474Z","true"
"2026-01-02T11:35:00.000Z","https://x.com/orfonline/status/2007053004940464241","1","0","0","169","1","2026-09-29T07:21:18.793Z","true"
"2026-01-02T11:30:30.000Z","https://x.com/orfonline/status/2007051874495864978","1","0","0","325","1","2026-09-29T07:21:18.793Z","true"
"2026-01-02T11:20:00.000Z","https://x.com/orfonline/status/2007049229982670882","1","0","0","206","1","2026-09-29T07:21:18.793Z","true"
"2026-01-02T11:10:00.000Z","https://x.com/orfonline/status/2007046713635197302","2","0","0","207","2","2026-09-29T07:21:20.124Z","true"
"2026-01-02T11:05:00.000Z","https://x.com/orfonline/status/2007045455801385286","1","0","0","218","1","2026-09-29T07:21:20.124Z","true"
"2026-01-02T11:00:02.000Z","https://x.com/orfonline/status/2007044206804525157","1","0","0","194","1","2026-09-29T07:21:21.451Z","true"
"2026-01-02T10:50:00.000Z","https://x.com/orfonline/status/2007041680340324860","2","0","0","200","2","2026-09-29T07:21:21.451Z","true"
"2026-01-02T10:45:00.000Z","https://x.com/orfonline/status/2007040422166540330","0","0","0","217","0","2026-09-29T07:21:22.771Z","true"
"2026-01-02T10:39:00.000Z","https://x.com/orfonline/status/2007038912079003963","1","0","0","209","1","2026-09-29T07:21:22.771Z","true"
"2026-01-02T10:35:00.000Z","https://x.com/orfonline/status/2007037905508901369","1","0","0","232","1","2026-09-29T07:21:24.089Z","true"
"2026-01-02T10:30:00.000Z","https://x.com/orfonline/status/2007036647175807217","0","0","0","357","0","2026-09-29T07:21:24.089Z","true"
"2026-01-02T10:20:00.000Z","https://x.com/orfonline/status/2007034130555715960","0","0","0","176","0","2026-09-29T07:21:24.089Z","true"
"2026-01-02T10:10:00.000Z","https://x.com/orfonline/status/2007031613939495296","0","0","0","175","0","2026-09-29T07:21:26.607Z","true"
"2026-01-02T10:05:00.000Z","https://x.com/orfonline/status/2007030355774353914","0","0","0","171","0","2026-09-29T07:21:26.607Z","true"
"2026-01-02T09:50:00.000Z","https://x.com/orfonline/status/2007026580673986654","0","0","0","208","0","2026-09-29T07:21:27.930Z","true"
"2026-01-02T09:45:00.000Z","https://x.com/orfonline/status/2007025322500472941","0","0","0","216","0","2026-09-29T07:21:27.930Z","true"
"2026-01-02T09:40:00.000Z","https://x.com/orfonline/status/2007024064309956660","1","0","0","220","1","2026-09-29T07:21:29.252Z","true"
"2026-01-02T09:35:00.000Z","https://x.com/orfonline/status/2007022805800607808","0","0","0","184","0","2026-09-29T07:21:29.252Z","true"
"2026-01-02T09:30:00.000Z","https://x.com/orfonline/status/2007021547614347674","1","0","0","291","1","2026-09-29T07:21:29.252Z","true"
"2026-01-02T09:20:00.000Z","https://x.com/orfonline/status/2007019030960537765","0","0","0","179","0","2026-09-29T07:21:30.566Z","true"
"2026-01-02T09:10:00.000Z","https://x.com/orfonline/status/2007016514369515857","0","0","0","198","0","2026-09-29T07:21:30.566Z","true"
"2026-01-02T09:05:30.000Z","https://x.com/orfonline/status/2007015382704644247","0","0","0","207","0","2026-09-29T07:21:31.889Z","true"
"2026-01-02T08:35:00.000Z","https://x.com/orfonline/status/2007007706511491463","1","0","0","264","1","2026-09-29T07:21:31.889Z","true"
"2026-01-02T08:30:00.000Z","https://x.com/orfonline/status/2007006448639959343","0","0","0","387","0","2026-09-29T07:21:31.889Z","true"
"2026-01-02T08:20:00.000Z","https://x.com/orfonline/status/2007003931612737580","0","0","0","236","0","2026-09-29T07:21:33.207Z","true"
"2026-01-02T08:15:00.000Z","https://x.com/orfonline/status/2007002673019580765","1","0","0","196","1","2026-09-29T07:21:33.207Z","true"
"2026-01-02T08:05:00.000Z","https://x.com/orfonline/status/2007000156944871934","0","0","0","232","0","2026-09-29T07:21:34.526Z","true"
"2026-01-02T08:00:01.000Z","https://x.com/orfonline/status/2006998903044853935","0","0","0","193","0","2026-09-29T07:21:34.526Z","true"
"2026-01-02T07:50:00.000Z","https://x.com/orfonline/status/2006996381664203000","0","0","0","192","0","2026-09-29T07:21:34.526Z","true"
"2026-01-02T07:45:00.000Z","https://x.com/orfonline/status/2006995123674956178","0","0","0","224","0","2026-09-29T07:21:35.847Z","true"
"2026-01-02T07:45:00.000Z","https://x.com/orfonline/status/2006995123490672691","0","0","0","170","0","2026-09-29T07:21:35.847Z","true"
"2026-01-02T07:41:00.000Z","https://x.com/orfonline/status/2006994116781961344","0","0","0","191","0","2026-09-29T07:21:37.174Z","true"
"2026-01-02T07:30:00.000Z","https://x.com/orfonline/status/2006991348352843833","0","0","0","277","0","2026-09-29T07:21:37.174Z","true"
"2026-01-02T07:20:00.000Z","https://x.com/orfonline/status/2006988831762035153","0","0","0","194","0","2026-09-29T07:21:37.174Z","true"
"2026-01-02T07:15:30.000Z","https://x.com/orfonline/status/2006987699547419005","2","3","0","246","5","2026-09-29T07:21:39.697Z","true"
"2026-01-02T07:10:00.000Z","https://x.com/orfonline/status/2006986315213021685","0","0","0","180","0","2026-09-29T07:21:39.698Z","true"
"2026-01-02T07:05:00.000Z","https://x.com/orfonline/status/2006985057441911007","0","0","0","190","0","2026-09-29T07:21:41.024Z","true"
"2026-01-02T06:53:00.000Z","https://x.com/orfonline/status/2006982037274505327","1","0","0","290","1","2026-09-29T07:21:41.024Z","true"
"2026-01-02T06:50:00.000Z","https://x.com/orfonline/status/2006981282694083037","0","0","0","210","0","2026-09-29T07:21:42.352Z","true"
"2026-01-02T06:45:00.000Z","https://x.com/orfonline/status/2006980023937593581","0","0","0","187","0","2026-09-29T07:21:42.352Z","true"
"2026-01-02T06:40:00.000Z","https://x.com/orfonline/status/2006978765684163041","0","0","0","171","0","2026-09-29T07:21:42.352Z","true"
"2026-01-02T06:35:00.000Z","https://x.com/orfonline/status/2006977507312951663","1","0","0","163","1","2026-09-29T07:21:43.674Z","true"
"2026-01-02T06:30:00.000Z","https://x.com/orfonline/status/2006976249244299760","1","0","0","166","1","2026-09-29T07:21:43.674Z","true"
"2026-01-02T06:24:45.000Z","https://x.com/orfonline/status/2006974930672562404","4","4","0","634","8","2026-09-29T07:21:44.996Z","true"
"2026-01-02T06:20:00.000Z","https://x.com/orfonline/status/2006973732296995093","1","0","0","167","1","2026-09-29T07:21:46.318Z","true"
"2026-01-02T06:15:00.000Z","https://x.com/orfonline/status/2006972474081292720","1","0","0","221","1","2026-09-29T07:21:46.318Z","true"
"2026-01-02T06:10:00.000Z","https://x.com/orfonline/status/2006971216029274351","1","0","0","203","1","2026-09-29T07:21:46.318Z","true"
"2026-01-02T06:05:00.000Z","https://x.com/orfonline/status/2006969957754744992","1","0","0","174","1","2026-09-29T07:21:47.638Z","true"
"2026-01-02T06:00:00.000Z","https://x.com/orfonline/status/2006968700147003623","0","0","0","176","0","2026-09-29T07:21:47.638Z","true"
"2026-01-02T05:55:00.000Z","https://x.com/orfonline/status/2006967441092702527","0","0","0","220","0","2026-09-29T07:21:47.638Z","true"
"2026-01-02T05:50:00.000Z","https://x.com/orfonline/status/2006966182642069636","0","0","0","250","0","2026-09-29T07:21:50.154Z","true"
"2026-01-02T05:45:00.000Z","https://x.com/orfonline/status/2006964924409589869","1","0","0","170","1","2026-09-29T07:21:50.154Z","true"
"2026-01-02T05:40:00.000Z","https://x.com/orfonline/status/2006963665937809686","0","0","0","193","0","2026-09-29T07:21:52.683Z","true"
"2026-01-02T05:30:00.000Z","https://x.com/orfonline/status/2006961149430968438","0","0","0","151","0","2026-09-29T07:21:52.683Z","true"
"2026-01-02T05:20:00.000Z","https://x.com/orfonline/status/2006958632781623492","0","0","0","157","0","2026-09-29T07:21:52.683Z","true"
"2026-01-02T05:15:00.000Z","https://x.com/orfonline/status/2006957374943203795","0","0","0","158","0","2026-09-29T07:21:54.012Z","true"
"2026-01-02T05:10:00.000Z","https://x.com/orfonline/status/2006956116450914325","1","2","0","241","3","2026-09-29T07:21:54.012Z","true"
"2026-01-02T05:05:30.000Z","https://x.com/orfonline/status/2006954984018252233","1","0","0","198","1","2026-09-29T07:21:55.334Z","true"
"2026-01-02T05:00:00.000Z","https://x.com/orfonline/status/2006953600111845654","0","1","0","144","1","2026-09-29T07:21:55.334Z","true"
"2026-01-02T04:55:00.000Z","https://x.com/orfonline/status/2006952341577068920","0","0","0","187","0","2026-09-29T07:21:55.334Z","true"
"2026-01-02T04:50:00.000Z","https://x.com/orfonline/status/2006951083332001880","0","0","0","208","0","2026-09-29T07:21:56.656Z","true"
"2026-01-02T04:45:00.000Z","https://x.com/orfonline/status/2006949825070432626","0","0","0","190","0","2026-09-29T07:21:56.656Z","true"
"2026-01-02T04:40:00.000Z","https://x.com/orfonline/status/2006948566497935623","0","0","0","198","0","2026-09-29T07:21:56.656Z","true"
"2026-01-02T04:30:00.000Z","https://x.com/orfonline/status/2006946051387785586","1","0","0","197","1","2026-09-29T07:21:57.979Z","true"
"2026-01-02T04:20:00.000Z","https://x.com/orfonline/status/2006943533467394391","0","0","0","208","0","2026-09-29T07:21:57.979Z","true"
"2026-01-02T04:15:00.000Z","https://x.com/orfonline/status/2006942275277066697","0","0","0","231","0","2026-09-29T07:21:59.303Z","true"
"2026-01-02T04:10:00.000Z","https://x.com/orfonline/status/2006941016826302772","1","0","0","198","1","2026-09-29T07:21:59.303Z","true"
"2026-01-02T04:05:00.000Z","https://x.com/orfonline/status/2006939758732185837","0","0","0","198","0","2026-09-29T07:22:00.617Z","true"
"2026-01-02T04:00:00.000Z","https://x.com/orfonline/status/2006938500835532861","1","0","0","192","1","2026-09-29T07:22:00.617Z","true"
"2026-01-02T03:55:00.000Z","https://x.com/orfonline/status/2006937242074325051","1","0","0","241","1","2026-09-29T07:22:00.617Z","true"
"2026-01-02T03:50:00.000Z","https://x.com/orfonline/status/2006935983703351494","1","0","0","236","1","2026-09-29T07:22:01.940Z","true"
"2026-01-02T03:45:00.000Z","https://x.com/orfonline/status/2006934725613494719","1","1","0","243","2","2026-09-29T07:22:01.940Z","true"
"2026-01-02T03:40:00.000Z","https://x.com/orfonline/status/2006933467146404075","0","0","0","222","0","2026-09-29T07:22:04.459Z","true"
"2026-01-02T03:30:00.000Z","https://x.com/orfonline/status/2006930950538801559","0","0","0","235","0","2026-09-29T07:22:04.459Z","true"
"2026-01-02T03:20:00.000Z","https://x.com/orfonline/status/2006928434128466088","1","0","0","232","1","2026-09-29T07:22:04.459Z","true"
"2026-01-02T03:15:00.000Z","https://x.com/orfonline/status/2006927176084357198","2","0","0","196","2","2026-09-29T07:22:05.776Z","true"
"2026-01-02T03:10:00.000Z","https://x.com/orfonline/status/2006925917482893755","1","0","0","205","1","2026-09-29T07:22:05.776Z","true"
"2026-01-02T03:05:00.000Z","https://x.com/orfonline/status/2006924659556815118","1","0","0","196","1","2026-09-29T07:22:07.099Z","true"
"2026-01-02T03:00:02.000Z","https://x.com/orfonline/status/2006923408446206101","4","0","0","169","4","2026-09-29T07:22:07.099Z","true"
"2026-01-02T02:55:30.000Z","https://x.com/orfonline/status/2006922268245725614","1","0","0","173","1","2026-09-29T07:22:07.099Z","true"
"2026-01-02T02:50:30.000Z","https://x.com/orfonline/status/2006921009895715298","1","0","0","216","1","2026-09-29T07:22:08.417Z","true"
"2026-01-02T02:45:00.000Z","https://x.com/orfonline/status/2006919625834115432","0","1","0","309","1","2026-09-29T07:22:08.417Z","true"
"2026-01-02T02:40:00.000Z","https://x.com/orfonline/status/2006918367429685249","0","0","0","194","0","2026-09-29T07:22:09.743Z","true"
"2026-01-02T02:30:00.000Z","https://x.com/orfonline/status/2006915851996340277","2","1","0","1852","3","2026-09-29T07:22:09.743Z","true"
"2026-01-02T02:20:00.000Z","https://x.com/orfonline/status/2006913334654755167","0","0","0","199","0","2026-09-29T07:22:09.743Z","true"
"2026-01-02T02:10:00.000Z","https://x.com/orfonline/status/2006910817783222605","0","0","0","215","0","2026-09-29T07:22:11.066Z","true"
"2026-01-02T02:00:01.000Z","https://x.com/orfonline/status/2006908304971247715","0","0","0","229","0","2026-09-29T07:22:11.066Z","true"
"2026-01-02T01:50:00.000Z","https://x.com/orfonline/status/2006905784765133130","1","0","0","308","1","2026-09-29T07:22:12.390Z","true"
"2026-01-02T01:40:00.000Z","https://x.com/orfonline/status/2006903268124012922","2","0","0","224","2","2026-09-29T07:22:12.390Z","true"
"2026-01-02T01:30:00.000Z","https://x.com/orfonline/status/2006900751302586570","0","0","0","207","0","2026-09-29T07:22:14.907Z","true"
"2026-01-02T01:20:00.000Z","https://x.com/orfonline/status/2006898235047293122","0","0","0","230","0","2026-09-29T07:22:14.907Z","true"
"2026-01-02T01:10:00.000Z","https://x.com/orfonline/status/2006895718477295746","0","0","0","249","0","2026-09-29T07:22:14.907Z","true"
"2026-01-02T01:00:01.000Z","https://x.com/orfonline/status/2006893207997788220","1","0","0","254","1","2026-09-29T07:22:17.425Z","true"
"2026-01-02T00:50:00.000Z","https://x.com/orfonline/status/2006890685375643846","0","0","0","252","0","2026-09-29T07:22:17.425Z","true"
"2026-01-02T00:40:00.000Z","https://x.com/orfonline/status/2006888168516153382","0","0","0","303","0","2026-09-29T07:22:18.749Z","true"
"2026-01-02T00:30:00.000Z","https://x.com/orfonline/status/2006885652894244879","0","0","0","190","0","2026-09-29T07:22:18.749Z","true"
"2026-01-02T00:20:00.000Z","https://x.com/orfonline/status/2006883135485628796","0","0","0","239","0","2026-09-29T07:22:20.072Z","true"
"2026-01-02T00:10:00.000Z","https://x.com/orfonline/status/2006880619104723107","0","0","0","197","0","2026-09-29T07:22:20.072Z","true"
"2026-01-02T00:00:01.000Z","https://x.com/orfonline/status/2006878109379998057","1","1","0","218","2","2026-09-29T07:22:20.072Z","true"
"2026-01-01T23:50:00.000Z","https://x.com/orfonline/status/2006875585734418852","0","0","0","188","0","2026-09-29T07:22:21.397Z","true"
"2026-01-01T23:40:00.000Z","https://x.com/orfonline/status/2006873069286207968","0","0","0","230","0","2026-09-29T07:22:21.397Z","true"
"2026-01-01T23:30:00.000Z","https://x.com/orfonline/status/2006870553362067716","0","0","0","192","0","2026-09-29T07:22:22.718Z","true"
"2026-01-01T23:20:00.000Z","https://x.com/orfonline/status/2006868035995578786","0","0","0","181","0","2026-09-29T07:22:22.718Z","true"
"2026-01-01T23:10:00.000Z","https://x.com/orfonline/status/2006865519551385850","0","0","0","197","0","2026-09-29T07:22:24.037Z","true"
"2026-01-01T23:00:02.000Z","https://x.com/orfonline/status/2006863010690994617","0","0","0","222","0","2026-09-29T07:22:24.037Z","true"
"2026-01-01T22:50:00.000Z","https://x.com/orfonline/status/2006860486290325851","1","0","0","211","1","2026-09-29T07:22:25.363Z","true"
"2026-01-01T22:40:00.000Z","https://x.com/orfonline/status/2006857969569509546","1","1","0","212","2","2026-09-29T07:22:25.363Z","true"
"2026-01-01T22:30:00.000Z","https://x.com/orfonline/status/2006855453196611911","1","0","0","171","1","2026-09-29T07:22:25.363Z","true"
"2026-01-01T22:20:00.000Z","https://x.com/orfonline/status/2006852936580891034","1","1","0","170","2","2026-09-29T07:22:25.363Z","true"
"2026-01-01T22:10:00.000Z","https://x.com/orfonline/status/2006850419985887470","0","0","0","166","0","2026-09-29T07:22:26.688Z","true"
"2026-01-01T22:00:00.000Z","https://x.com/orfonline/status/2006847903432847425","0","0","0","174","0","2026-09-29T07:22:26.688Z","true"
"2026-01-01T21:50:00.000Z","https://x.com/orfonline/status/2006845386682442185","0","0","0","197","0","2026-09-29T07:22:26.688Z","true"
"2026-01-01T21:40:00.000Z","https://x.com/orfonline/status/2006842870016434297","0","0","0","178","0","2026-09-29T07:22:29.208Z","true"
"2026-01-01T21:30:00.000Z","https://x.com/orfonline/status/2006840354893385822","0","0","0","134","0","2026-09-29T07:22:29.208Z","true"
"2026-01-01T21:20:00.000Z","https://x.com/orfonline/status/2006837836901921150","1","0","0","158","1","2026-09-29T07:22:29.208Z","true"
"2026-01-01T21:10:00.000Z","https://x.com/orfonline/status/2006835320420270418","2","0","0","185","2","2026-09-29T07:22:31.729Z","true"
"2026-01-01T21:00:00.000Z","https://x.com/orfonline/status/2006832804227870927","1","0","0","149","1","2026-09-29T07:22:31.729Z","true"
"2026-01-01T20:50:00.000Z","https://x.com/orfonline/status/2006830287054155786","1","0","0","132","1","2026-09-29T07:22:33.048Z","true"
"2026-01-01T20:40:00.000Z","https://x.com/orfonline/status/2006827770710737185","1","0","0","183","1","2026-09-29T07:22:33.048Z","true"
"2026-01-01T20:30:00.000Z","https://x.com/orfonline/status/2006825255109570899","0","0","0","155","0","2026-09-29T07:22:33.048Z","true"
"2026-01-01T20:20:00.000Z","https://x.com/orfonline/status/2006822737776439376","0","0","0","198","0","2026-09-29T07:22:34.370Z","true"
"2026-01-01T20:00:00.000Z","https://x.com/orfonline/status/2006817704674816351","0","0","0","150","0","2026-09-29T07:22:34.370Z","true"
"2026-01-01T19:50:00.000Z","https://x.com/orfonline/status/2006815187769115113","1","0","0","201","1","2026-09-29T07:22:35.691Z","true"
"2026-01-01T19:40:00.000Z","https://x.com/orfonline/status/2006812671090340178","0","0","0","279","0","2026-09-29T07:22:35.691Z","true"
"2026-01-01T19:30:00.000Z","https://x.com/orfonline/status/2006810155145474206","0","0","0","218","0","2026-09-29T07:22:37.011Z","true"
"2026-01-01T19:20:00.000Z","https://x.com/orfonline/status/2006807638156390862","1","0","0","241","1","2026-09-29T07:22:37.011Z","true"
"2026-01-01T19:10:30.000Z","https://x.com/orfonline/status/2006805247319331215","1","0","0","247","1","2026-09-29T07:22:38.332Z","true"
"2026-01-01T19:00:00.000Z","https://x.com/orfonline/status/2006802606451208435","0","0","0","178","0","2026-09-29T07:22:38.332Z","true"
"2026-01-01T18:50:00.000Z","https://x.com/orfonline/status/2006800088555991357","1","0","0","206","1","2026-09-29T07:22:38.332Z","true"
"2026-01-01T18:40:00.000Z","https://x.com/orfonline/status/2006797572669845532","1","0","0","216","1","2026-09-29T07:22:39.657Z","true"
"2026-01-01T18:30:00.000Z","https://x.com/orfonline/status/2006795055290261658","0","0","0","195","0","2026-09-29T07:22:39.657Z","true"
"2026-01-01T18:10:00.000Z","https://x.com/orfonline/status/2006790022557475183","0","0","0","281","0","2026-09-29T07:22:42.185Z","true"
"2026-01-01T18:00:01.000Z","https://x.com/orfonline/status/2006787510312276421","0","0","0","218","0","2026-09-29T07:22:42.185Z","true"
"2026-01-01T17:44:00.000Z","https://x.com/orfonline/status/2006783478785073483","0","0","0","243","0","2026-09-29T07:22:43.512Z","true"
"2026-01-01T17:30:00.000Z","https://x.com/orfonline/status/2006779956785983717","1","0","0","498","1","2026-09-29T07:22:43.512Z","true"
"2026-01-01T17:15:00.000Z","https://x.com/orfonline/status/2006776181324927075","0","0","0","270","0","2026-09-29T07:22:44.839Z","true"
"2026-01-01T17:05:00.000Z","https://x.com/orfonline/status/2006773664566423908","1","0","0","237","1","2026-09-29T07:22:44.839Z","true"
"2026-01-01T17:00:00.000Z","https://x.com/orfonline/status/2006772408238104983","0","0","0","229","0","2026-09-29T07:22:44.839Z","true"
"2026-01-01T16:50:00.000Z","https://x.com/orfonline/status/2006769889089081646","1","0","0","285","1","2026-09-29T07:22:46.167Z","true"
"2026-01-01T16:44:00.000Z","https://x.com/orfonline/status/2006768379412218137","1","0","0","258","1","2026-09-29T07:22:46.167Z","true"
"2026-01-01T16:30:00.000Z","https://x.com/orfonline/status/2006764856347959552","2","0","0","410","2","2026-09-29T07:22:46.167Z","true"
"2026-01-01T16:15:00.000Z","https://x.com/orfonline/status/2006761081537179901","1","0","0","250","1","2026-09-29T07:22:47.490Z","true"
"2026-01-01T16:10:00.000Z","https://x.com/orfonline/status/2006759823396798744","0","0","0","244","0","2026-09-29T07:22:47.491Z","true"
"2026-01-01T15:50:00.000Z","https://x.com/orfonline/status/2006754789858615304","1","0","0","275","1","2026-09-29T07:22:48.814Z","true"
"2026-01-01T15:40:00.000Z","https://x.com/orfonline/status/2006752273372950614","0","0","0","230","0","2026-09-29T07:22:48.814Z","true"
"2026-01-01T15:30:00.000Z","https://x.com/orfonline/status/2006749758526730339","0","0","0","461","0","2026-09-29T07:22:48.815Z","true"
"2026-01-01T15:15:00.000Z","https://x.com/orfonline/status/2006745981862424940","0","0","0","240","0","2026-09-29T07:22:50.151Z","true"
"2026-01-01T15:10:00.000Z","https://x.com/orfonline/status/2006744724011360680","2","0","0","271","2","2026-09-29T07:22:50.151Z","true"
"2026-01-01T15:00:02.000Z","https://x.com/orfonline/status/2006742217461805561","1","0","0","202","1","2026-09-29T07:22:51.475Z","true"
"2026-01-01T14:50:00.000Z","https://x.com/orfonline/status/2006739690544845303","0","0","1","237","1","2026-09-29T07:22:51.475Z","true"
"2026-01-01T14:45:00.000Z","https://x.com/orfonline/status/2006738432085700775","0","0","0","222","0","2026-09-29T07:22:51.475Z","true"
"2026-01-01T14:40:00.000Z","https://x.com/orfonline/status/2006737173769498875","1","0","0","201","1","2026-09-29T07:22:52.795Z","true"
"2026-01-01T14:35:00.000Z","https://x.com/orfonline/status/2006735915847188754","0","0","1","212","1","2026-09-29T07:22:52.795Z","true"
"2026-01-01T14:20:00.000Z","https://x.com/orfonline/status/2006732140994805834","1","0","0","234","1","2026-09-29T07:22:55.318Z","true"
"2026-01-01T14:15:00.000Z","https://x.com/orfonline/status/2006730882732671187","1","0","0","217","1","2026-09-29T07:22:55.318Z","true"
"2026-01-01T14:08:00.000Z","https://x.com/orfonline/status/2006729121142026439","0","0","0","239","0","2026-09-29T07:22:55.318Z","true"
"2026-01-01T14:00:02.000Z","https://x.com/orfonline/status/2006727117887951260","0","0","0","219","0","2026-09-29T07:22:56.648Z","true"
"2026-01-01T13:50:00.000Z","https://x.com/orfonline/status/2006724591075422320","0","0","0","227","0","2026-09-29T07:22:56.648Z","true"
"2026-01-01T13:45:00.000Z","https://x.com/orfonline/status/2006723332947783853","1","0","0","281","1","2026-09-29T07:22:57.968Z","true"
"2026-01-01T13:40:00.000Z","https://x.com/orfonline/status/2006722075038191684","1","0","0","247","1","2026-09-29T07:22:57.968Z","true"
"2026-01-01T13:35:00.000Z","https://x.com/orfonline/status/2006720816428494888","0","0","0","250","0","2026-09-29T07:22:59.293Z","true"
"2026-01-01T13:30:00.000Z","https://x.com/orfonline/status/2006719557705281661","0","0","0","434","0","2026-09-29T07:22:59.293Z","true"
"2026-01-01T13:20:00.000Z","https://x.com/orfonline/status/2006717041139646831","0","0","0","260","0","2026-09-29T07:22:59.293Z","true"
"2026-01-01T13:15:00.000Z","https://x.com/orfonline/status/2006715782898782696","2","2","0","247","4","2026-09-29T07:23:00.616Z","true"
"2026-01-01T13:05:00.000Z","https://x.com/orfonline/status/2006713266609992083","0","0","0","207","0","2026-09-29T07:23:00.616Z","true"
"2026-01-01T13:00:01.000Z","https://x.com/orfonline/status/2006712011401605441","0","0","0","167","0","2026-09-29T07:23:00.616Z","true"
"2026-01-01T12:50:00.000Z","https://x.com/orfonline/status/2006709491270910068","0","0","0","228","0","2026-09-29T07:23:01.938Z","true"
"2026-01-01T12:45:00.000Z","https://x.com/orfonline/status/2006708233134813672","0","0","0","260","0","2026-09-29T07:23:01.938Z","true"
"2026-01-01T12:37:04.000Z","https://x.com/orfonline/status/2006706237925372315","0","1","0","423","1","2026-09-29T07:23:03.257Z","true"
"2026-01-01T12:37:03.000Z","https://x.com/orfonline/status/2006706234414489833","0","1","1","490","2","2026-09-29T07:23:03.257Z","true"
"2026-01-01T12:30:00.000Z","https://x.com/orfonline/status/2006704460085498106","1","1","0","362","2","2026-09-29T07:23:05.773Z","true"
"2026-01-01T12:20:00.000Z","https://x.com/orfonline/status/2006701941460803959","1","1","0","166","2","2026-09-29T07:23:05.773Z","true"
"2026-01-01T12:15:00.000Z","https://x.com/orfonline/status/2006700683332845645","2","2","0","211","4","2026-09-29T07:23:08.294Z","true"
"2026-01-01T12:10:00.000Z","https://x.com/orfonline/status/2006699425310314518","1","1","0","230","2","2026-09-29T07:23:08.294Z","true"
"2026-01-01T12:05:00.000Z","https://x.com/orfonline/status/2006698167274741884","1","1","0","176","2","2026-09-29T07:23:09.619Z","true"
"2026-01-01T12:00:00.000Z","https://x.com/orfonline/status/2006696909029962153","1","0","0","213","1","2026-09-29T07:23:09.619Z","true"
"2026-01-01T11:53:00.000Z","https://x.com/orfonline/status/2006695146889314487","1","0","0","210","1","2026-09-29T07:23:09.619Z","true"
"2026-01-01T11:45:00.000Z","https://x.com/orfonline/status/2006693133547872312","1","1","0","292","2","2026-09-29T07:23:10.946Z","true"
"2026-01-01T11:36:00.000Z","https://x.com/orfonline/status/2006690868611223814","1","0","0","220","1","2026-09-29T07:23:10.946Z","true"
"2026-01-01T11:30:00.000Z","https://x.com/orfonline/status/2006689360029286620","1","0","0","382","1","2026-09-29T07:23:12.269Z","true"
"2026-01-01T11:15:00.000Z","https://x.com/orfonline/status/2006685583775772990","1","0","0","235","1","2026-09-29T07:23:12.269Z","true"
"2026-01-01T11:10:00.000Z","https://x.com/orfonline/status/2006684325643956274","3","1","0","246","4","2026-09-29T07:23:12.269Z","true"
"2026-01-01T11:05:00.000Z","https://x.com/orfonline/status/2006683067516391832","1","0","0","227","1","2026-09-29T07:23:13.591Z","true"
"2026-01-01T11:00:00.000Z","https://x.com/orfonline/status/2006681809740874106","3","1","0","198","4","2026-09-29T07:23:13.591Z","true"
"2026-01-01T10:45:00.000Z","https://x.com/orfonline/status/2006678034112524428","1","0","0","233","1","2026-09-29T07:23:14.907Z","true"
"2026-01-01T10:40:00.000Z","https://x.com/orfonline/status/2006676775728799884","1","0","0","194","1","2026-09-29T07:23:14.908Z","true"
"2026-01-01T10:35:00.000Z","https://x.com/orfonline/status/2006675517513281934","1","0","0","212","1","2026-09-29T07:23:14.908Z","true"
"2026-01-01T10:30:00.000Z","https://x.com/orfonline/status/2006674261285495116","1","0","0","324","1","2026-09-29T07:23:16.232Z","true"
"2026-01-01T10:20:00.000Z","https://x.com/orfonline/status/2006671742509416829","1","0","0","243","1","2026-09-29T07:23:16.232Z","true"
"2026-01-01T10:15:00.000Z","https://x.com/orfonline/status/2006670484365295903","1","0","0","198","1","2026-09-29T07:23:16.232Z","true"
"2026-01-01T10:10:00.000Z","https://x.com/orfonline/status/2006669226246025530","0","0","0","208","0","2026-09-29T07:23:18.745Z","true"
"2026-01-01T10:06:00.000Z","https://x.com/orfonline/status/2006668219466035418","1","1","1","303","3","2026-09-29T07:23:18.745Z","true"
"2026-01-01T10:00:01.000Z","https://x.com/orfonline/status/2006666713119465705","0","0","0","174","0","2026-09-29T07:23:18.745Z","true"
"2026-01-01T09:50:30.000Z","https://x.com/orfonline/status/2006664318490915121","3","1","0","220","4","2026-09-29T07:23:20.065Z","true"
"2026-01-01T09:45:00.000Z","https://x.com/orfonline/status/2006662934546780182","0","0","0","202","0","2026-09-29T07:23:20.065Z","true"
"2026-01-01T09:40:00.000Z","https://x.com/orfonline/status/2006661676104290441","1","0","1","197","2","2026-09-29T07:23:21.384Z","true"
"2026-01-01T09:30:00.000Z","https://x.com/orfonline/status/2006659160683765974","0","0","0","345","0","2026-09-29T07:23:21.384Z","true"
"2026-01-01T09:15:00.000Z","https://x.com/orfonline/status/2006655384753180767","0","0","0","217","0","2026-09-29T07:23:21.384Z","true"
"2026-01-01T09:10:00.000Z","https://x.com/orfonline/status/2006654126785011818","0","0","0","218","0","2026-09-29T07:23:22.706Z","true"
"2026-01-01T09:05:00.000Z","https://x.com/orfonline/status/2006652868686672089","0","2","0","265","2","2026-09-29T07:23:22.706Z","true"
"2026-01-01T09:00:01.000Z","https://x.com/orfonline/status/2006651615181177334","0","0","0","202","0","2026-09-29T07:23:24.027Z","true"
"2026-01-01T08:50:00.000Z","https://x.com/orfonline/status/2006649093809205255","0","0","0","209","0","2026-09-29T07:23:24.027Z","true"
"2026-01-01T08:45:00.000Z","https://x.com/orfonline/status/2006647835140227252","0","0","0","225","0","2026-09-29T07:23:24.027Z","true"
"2026-01-01T08:40:00.000Z","https://x.com/orfonline/status/2006646576718942657","0","0","0","162","0","2026-09-29T07:23:25.354Z","true"
"2026-01-01T08:35:00.000Z","https://x.com/orfonline/status/2006645318654324818","0","0","0","170","0","2026-09-29T07:23:25.354Z","true"
"2026-01-01T08:30:00.000Z","https://x.com/orfonline/status/2006644060237320194","1","1","0","435","2","2026-09-29T07:23:25.354Z","true"
"2026-01-01T08:20:00.000Z","https://x.com/orfonline/status/2006641543533482417","0","0","0","168","0","2026-09-29T07:23:26.677Z","true"
"2026-01-01T08:15:00.000Z","https://x.com/orfonline/status/2006640285393305654","0","0","0","147","0","2026-09-29T07:23:26.677Z","true"
"2026-01-01T08:05:00.000Z","https://x.com/orfonline/status/2006637769159021011","0","0","0","203","0","2026-09-29T07:23:26.677Z","true"
"2026-01-01T08:00:00.000Z","https://x.com/orfonline/status/2006636511689662492","0","0","0","149","0","2026-09-29T07:23:27.997Z","true"
"2026-01-01T07:50:00.000Z","https://x.com/orfonline/status/2006633993706549282","0","0","0","190","0","2026-09-29T07:23:27.997Z","true"
"2026-01-01T07:45:00.000Z","https://x.com/orfonline/status/2006632735721533875","0","0","0","211","0","2026-09-29T07:23:29.326Z","true"
"2026-01-01T07:42:00.000Z","https://x.com/orfonline/status/2006631980473950500","1","1","0","254","2","2026-09-29T07:23:29.326Z","true"
"2026-01-01T07:35:00.000Z","https://x.com/orfonline/status/2006630219260801143","0","0","0","175","0","2026-09-29T07:23:31.846Z","true"
"2026-01-01T07:30:00.000Z","https://x.com/orfonline/status/2006628961187512583","1","1","0","674","2","2026-09-29T07:23:31.846Z","true"
"2026-01-01T07:20:00.000Z","https://x.com/orfonline/status/2006626444181647675","0","0","0","216","0","2026-09-29T07:23:31.846Z","true"
"2026-01-01T07:15:00.000Z","https://x.com/orfonline/status/2006625186041262460","1","1","0","167","2","2026-09-29T07:23:33.167Z","true"
"2026-01-01T07:10:00.000Z","https://x.com/orfonline/status/2006623927389581399","1","0","0","181","1","2026-09-29T07:23:33.167Z","true"
"2026-01-01T07:05:00.000Z","https://x.com/orfonline/status/2006622669492371831","0","0","0","193","0","2026-09-29T07:23:34.492Z","true"
"2026-01-01T07:00:01.000Z","https://x.com/orfonline/status/2006621415156404345","0","0","0","175","0","2026-09-29T07:23:34.492Z","true"
"2026-01-01T06:50:00.000Z","https://x.com/orfonline/status/2006618894295839011","0","0","0","211","0","2026-09-29T07:23:35.814Z","true"
"2026-01-01T06:45:00.000Z","https://x.com/orfonline/status/2006617636013007025","3","1","0","357","4","2026-09-29T07:23:35.814Z","true"
"2026-01-01T06:40:00.000Z","https://x.com/orfonline/status/2006616377587875919","1","1","0","192","2","2026-09-29T07:23:35.814Z","true"
"2026-01-01T06:30:00.000Z","https://x.com/orfonline/status/2006613861676220729","0","0","0","268","0","2026-09-29T07:23:37.137Z","true"
"2026-01-01T06:20:00.000Z","https://x.com/orfonline/status/2006611344829866267","2","1","0","477","3","2026-09-29T07:23:37.137Z","true"
"2026-01-01T06:15:00.000Z","https://x.com/orfonline/status/2006610086396047745","0","0","0","208","0","2026-09-29T07:23:38.459Z","true"
"2026-01-01T06:10:00.000Z","https://x.com/orfonline/status/2006608828029349900","0","0","0","175","0","2026-09-29T07:23:38.459Z","true"
"2026-01-01T06:05:00.000Z","https://x.com/orfonline/status/2006607570228719655","0","0","0","273","0","2026-09-29T07:23:39.778Z","true"
"2026-01-01T06:00:00.000Z","https://x.com/orfonline/status/2006606311597945111","0","0","0","154","0","2026-09-29T07:23:39.778Z","true"
"2026-01-01T05:55:00.000Z","https://x.com/orfonline/status/2006605053277192411","0","0","0","191","0","2026-09-29T07:23:41.105Z","true"
"2026-01-01T05:50:00.000Z","https://x.com/orfonline/status/2006603794986185126","0","0","1","274","1","2026-09-29T07:23:41.105Z","true"
"2026-01-01T05:45:00.000Z","https://x.com/orfonline/status/2006602536522760490","0","0","0","200","0","2026-09-29T07:23:41.105Z","true"
"2026-01-01T05:40:00.000Z","https://x.com/orfonline/status/2006601278063829123","0","0","0","326","0","2026-09-29T07:23:42.427Z","true"
"2026-01-01T05:30:30.000Z","https://x.com/orfonline/status/2006598887621157299","0","0","0","230","0","2026-09-29T07:23:42.427Z","true"
"2026-01-01T05:30:00.000Z","https://x.com/orfonline/status/2006598763394007056","0","0","0","157","0","2026-09-29T07:23:44.951Z","true"
"2026-01-01T05:20:00.000Z","https://x.com/orfonline/status/2006596246559973576","1","1","0","190","2","2026-09-29T07:23:44.951Z","true"
"2026-01-01T05:15:00.000Z","https://x.com/orfonline/status/2006594986633056500","0","0","0","186","0","2026-09-29T07:23:46.274Z","true"
"2026-01-01T05:10:00.000Z","https://x.com/orfonline/status/2006593728597610576","1","0","0","199","1","2026-09-29T07:23:46.274Z","true"
"2026-01-01T05:05:00.000Z","https://x.com/orfonline/status/2006592470742872570","0","0","0","216","0","2026-09-29T07:23:47.596Z","true"
"2026-01-01T05:00:00.000Z","https://x.com/orfonline/status/2006591213907202512","0","0","0","207","0","2026-09-29T07:23:47.596Z","true"
"2026-01-01T04:55:00.000Z","https://x.com/orfonline/status/2006589953514648026","0","0","0","187","0","2026-09-29T07:23:47.596Z","true"
"2026-01-01T04:50:00.000Z","https://x.com/orfonline/status/2006588695307309475","0","0","0","216","0","2026-09-29T07:23:48.920Z","true"
"2026-01-01T04:45:00.000Z","https://x.com/orfonline/status/2006587437016035505","1","0","0","223","1","2026-09-29T07:23:48.920Z","true"
"2026-01-01T04:40:30.000Z","https://x.com/orfonline/status/2006586304440803727","0","0","0","210","0","2026-09-29T07:23:50.245Z","true"
"2026-01-01T04:30:00.000Z","https://x.com/orfonline/status/2006583664495489435","1","0","0","228","1","2026-09-29T07:23:50.245Z","true"
"2026-01-01T04:20:00.000Z","https://x.com/orfonline/status/2006581145534599391","1","1","0","273","2","2026-09-29T07:23:51.570Z","true"
"2026-01-01T04:15:30.000Z","https://x.com/orfonline/status/2006580012955430939","0","1","0","234","1","2026-09-29T07:23:51.570Z","true"
"2026-01-01T04:10:00.000Z","https://x.com/orfonline/status/2006578629052870755","1","1","0","277","2","2026-09-29T07:23:52.894Z","true"
"2026-01-01T04:05:00.000Z","https://x.com/orfonline/status/2006577370812026933","0","0","0","229","0","2026-09-29T07:23:52.894Z","true"
"2026-01-01T04:00:00.000Z","https://x.com/orfonline/status/2006576115096420784","0","0","0","320","0","2026-09-29T07:23:52.894Z","true"
"2026-01-01T03:55:00.000Z","https://x.com/orfonline/status/2006574854036976083","0","0","0","185","0","2026-09-29T07:23:54.223Z","true"
"2026-01-01T03:50:00.000Z","https://x.com/orfonline/status/2006573595959447711","0","0","0","226","0","2026-09-29T07:23:54.223Z","true"
"2026-01-01T03:45:30.000Z","https://x.com/orfonline/status/2006572463342379387","0","0","0","219","0","2026-09-29T07:23:56.749Z","true"
"2026-01-01T03:40:00.000Z","https://x.com/orfonline/status/2006571079234384064","1","0","0","222","1","2026-09-29T07:23:56.749Z","true"
"2026-01-01T03:30:00.000Z","https://x.com/orfonline/status/2006568565344801143","0","0","0","179","0","2026-09-29T07:23:56.749Z","true"
"2026-01-01T03:20:00.000Z","https://x.com/orfonline/status/2006566046099222831","0","0","0","206","0","2026-09-29T07:23:56.749Z","true"
"2026-01-01T03:15:00.000Z","https://x.com/orfonline/status/2006564787837186470","1","0","0","189","1","2026-09-29T07:23:56.749Z","true"
"2026-01-01T03:10:00.000Z","https://x.com/orfonline/status/2006563529600671786","1","0","1","212","2","2026-09-29T07:23:56.749Z","true"
"2026-01-01T03:05:00.000Z","https://x.com/orfonline/status/2006562271984758853","0","0","0","235","0","2026-09-29T07:23:56.749Z","true"
"2026-01-01T03:00:00.000Z","https://x.com/orfonline/status/2006561014519619701","0","0","0","169","0","2026-09-29T07:23:56.749Z","true"
"2026-01-01T02:55:00.000Z","https://x.com/orfonline/status/2006559754605547697","0","0","0","188","0","2026-09-29T07:23:56.749Z","true"
"2026-01-01T02:50:00.000Z","https://x.com/orfonline/status/2006558496347795646","0","0","0","253","0","2026-09-29T07:23:56.749Z","true"
"2026-01-01T02:45:00.000Z","https://x.com/orfonline/status/2006557237935030507","0","0","0","194","0","2026-09-29T07:23:56.749Z","true"
"2026-01-01T02:40:00.000Z","https://x.com/orfonline/status/2006555979572277270","0","0","0","179","0","2026-09-29T07:23:56.749Z","true"
"2026-01-01T02:30:00.000Z","https://x.com/orfonline/status/2006553464520757449","0","0","0","164","0","2026-09-29T07:23:56.749Z","true"
"2026-01-01T02:20:00.000Z","https://x.com/orfonline/status/2006550946659115238","0","0","0","200","0","2026-09-29T07:23:56.749Z","true"
"2026-01-01T02:10:00.000Z","https://x.com/orfonline/status/2006548430122778748","0","0","0","186","0","2026-09-29T07:23:56.749Z","true"
"2026-01-01T02:00:00.000Z","https://x.com/orfonline/status/2006545915109048618","1","0","0","150","1","2026-09-29T07:23:56.749Z","true"
"2026-01-01T01:50:00.000Z","https://x.com/orfonline/status/2006543396832424365","0","0","0","159","0","2026-09-29T07:23:56.749Z","true"
"2026-01-01T01:40:00.000Z","https://x.com/orfonline/status/2006540880379843054","0","0","0","191","0","2026-09-29T07:23:56.749Z","true"
"2026-01-01T01:30:00.000Z","https://x.com/orfonline/status/2006538365639008259","0","0","0","181","0","2026-09-29T07:23:56.749Z","true"
"2026-01-01T01:20:30.000Z","https://x.com/orfonline/status/2006535972838895692","0","0","0","178","0","2026-09-29T07:23:56.749Z","true"
"2026-01-01T01:10:00.000Z","https://x.com/orfonline/status/2006533330720985134","0","0","0","218","0","2026-09-29T07:23:56.749Z","true"
"2026-01-01T01:00:02.000Z","https://x.com/orfonline/status/2006530823349277122","0","0","0","208","0","2026-09-29T07:23:56.749Z","true"
"2026-01-01T00:50:00.000Z","https://x.com/orfonline/status/2006528297526784405","0","0","0","163","0","2026-09-29T07:23:56.749Z","true"
"2026-01-01T00:40:00.000Z","https://x.com/orfonline/status/2006525780725997929","0","0","0","162","0","2026-09-29T07:23:56.749Z","true"
"2026-01-01T00:30:00.000Z","https://x.com/orfonline/status/2006523267235065998","0","0","0","225","0","2026-09-29T07:23:56.749Z","true"
"2026-01-01T00:20:30.000Z","https://x.com/orfonline/status/2006520873642279185","0","0","0","181","0","2026-09-29T07:23:56.749Z","true"
"2026-01-01T00:10:00.000Z","https://x.com/orfonline/status/2006518231193034954","0","0","0","148","0","2026-09-29T07:23:56.749Z","true"
"2026-01-01T00:00:01.000Z","https://x.com/orfonline/status/2006515719807316257","1","0","0","201","1","2026-09-29T07:23:56.749Z","true"